Episode,RunnerAcc,PursuerAcc,DrawsPercentage,RunnerJitter,PursuerJitter,NearMissTime,EpisodeStepsAvg
100,0.06,0.1,0.84,0.1396152,0.140584,1.906816,879.04
200,0.16,0.19,0.65,0.1345947,0.1386809,2.486816,756.15
300,0.17,0.22,0.61,0.1442967,0.1452567,2.026212,771.25
400,0.21,0.29,0.5,0.1397602,0.1430177,2.696218,692.59
500,0.26,0.43,0.31,0.1427945,0.1558108,3.112619,602.01
600,0.26,0.46,0.28,0.141148,0.147994,2.543817,572.63
700,0.39,0.36,0.25,0.1444128,0.1477663,2.323812,503.62
800,0.33,0.41,0.26,0.1369053,0.1390976,2.242014,492.31
900,0.39,0.42,0.19,0.146651,0.1446963,2.683017,488.86
1000,0.43,0.42,0.15,0.1340827,0.1384636,2.018409,395.44
1100,0.39,0.42,0.19,0.1556396,0.1479498,2.317816,443.7
1200,0.47,0.39,0.14,0.1403802,0.1390219,1.175603,398.56
1300,0.37,0.52,0.11,0.1494561,0.1437683,1.591809,365.13
1400,0.47,0.4,0.13,0.1416543,0.1409261,1.886007,387.63
1500,0.42,0.46,0.12,0.1383084,0.1369218,1.939209,379.49
1600,0.56,0.36,0.08,0.1436717,0.1429433,1.718206,379.2
1700,0.49,0.39,0.12,0.1397151,0.1385232,1.843607,366.64
1800,0.54,0.38,0.08,0.1448817,0.1421881,1.834809,344.1
1900,0.49,0.41,0.1,0.1382186,0.1373623,1.467206,366.01
2000,0.41,0.54,0.05,0.1481846,0.1497174,1.058602,319.46
2100,0.37,0.55,0.08,0.1358233,0.1385299,1.095404,349.02
2200,0.49,0.41,0.1,0.1428,0.1446622,2.207016,351.69
2300,0.42,0.54,0.04,0.134883,0.1370237,1.089404,319.9
2400,0.48,0.44,0.08,0.1331298,0.1401301,1.564406,358.8
2500,0.48,0.46,0.06,0.1394443,0.1436538,0.7514016,311.72
2600,0.47,0.46,0.07,0.137831,0.1345032,1.822809,307
2700,0.43,0.5,0.07,0.1445057,0.1430715,1.47761,317.32
2800,0.54,0.36,0.1,0.1609102,0.1506876,1.617805,306.26
2900,0.39,0.58,0.03,0.141227,0.1411442,0.9732026,252.7
3000,0.46,0.49,0.05,0.1352904,0.1392724,1.277403,300.86
3100,0.44,0.48,0.08,0.1332906,0.1355667,0.9580038,300.63
3200,0.6,0.35,0.05,0.1391109,0.1410988,1.272007,300.6
3300,0.53,0.43,0.04,0.1363452,0.1375591,1.279209,241.74
3400,0.49,0.49,0.02,0.1410387,0.1396599,1.171004,250.8
3500,0.55,0.39,0.06,0.1406566,0.1454595,1.659408,281.81
3600,0.47,0.47,0.06,0.1425363,0.1471382,0.9604021,271.59
3700,0.48,0.5,0.02,0.144162,0.1411267,0.9372009,269.35
3800,0.54,0.4,0.06,0.1372585,0.1393915,1.561005,257.97
3900,0.5,0.41,0.09,0.1359179,0.1360705,2.028212,300.19
4000,0.45,0.47,0.08,0.1306652,0.1343909,1.63961,281.38
4100,0.58,0.39,0.03,0.1350021,0.1403553,1.280203,263.21
4200,0.53,0.41,0.06,0.1463041,0.146987,1.542409,249.45
4300,0.44,0.53,0.03,0.1438195,0.148967,1.079001,268.31
4400,0.5,0.47,0.03,0.1377661,0.1368548,1.008405,253.89
4500,0.5,0.45,0.05,0.1302216,0.1259882,1.201005,258.58
4600,0.38,0.58,0.04,0.1369725,0.1390368,1.089008,218.91
4700,0.59,0.4,0.01,0.1271035,0.1351224,1.205402,225.9
4800,0.47,0.46,0.07,0.1326347,0.1367491,1.830812,277.41
4900,0.53,0.44,0.03,0.1402602,0.1326638,1.086604,229.41
5000,0.54,0.42,0.04,0.1336679,0.1311864,1.253206,237.25
5100,0.41,0.49,0.1,0.1339452,0.1379073,1.899414,314.23
5200,0.52,0.46,0.02,0.1401433,0.1426109,0.7224022,207.5
5300,0.5,0.47,0.03,0.139242,0.1340202,1.184005,237.85
5400,0.48,0.49,0.03,0.145757,0.136175,1.117406,223.68
5500,0.45,0.5,0.05,0.1369609,0.142708,0.8264026,239.75
5600,0.51,0.47,0.02,0.1377366,0.1417588,1.228203,247.38
5700,0.45,0.47,0.08,0.1373184,0.1360282,1.748211,262.08
5800,0.44,0.54,0.02,0.1394186,0.1414597,1.000602,236.18
5900,0.52,0.41,0.07,0.1353626,0.1371812,1.689009,292.2
6000,0.47,0.45,0.08,0.1461888,0.1356136,1.648413,243.09
6100,0.52,0.46,0.02,0.1365372,0.1331489,0.8900013,229.27
6200,0.56,0.44,0,0.1401365,0.1405295,0.6509998,193.54
6300,0.47,0.51,0.02,0.1392981,0.1344869,0.8236027,231.23
6400,0.44,0.54,0.02,0.1480259,0.1398527,0.8298025,219.2
6500,0.55,0.41,0.04,0.1348553,0.1399419,1.101604,224.01
6600,0.5,0.46,0.04,0.1431432,0.1350718,1.219205,288.51
6700,0.47,0.51,0.02,0.1276613,0.1302717,0.7974027,217.85
6800,0.51,0.46,0.03,0.1297705,0.1352786,1.095403,210.26
6900,0.54,0.44,0.02,0.1402549,0.1457322,0.7828038,184.53
7000,0.49,0.49,0.02,0.1281185,0.1311105,1.021604,191.09
7100,0.48,0.46,0.06,0.14313,0.1386354,1.250007,239
7200,0.44,0.52,0.04,0.1262512,0.1268628,1.198006,225.5
7300,0.56,0.39,0.05,0.1428056,0.1447348,1.447206,233.11
7400,0.52,0.47,0.01,0.1400295,0.1401545,0.7214021,193.66
7500,0.39,0.55,0.06,0.1339569,0.1317685,1.080007,229.12
7600,0.42,0.52,0.06,0.1391229,0.1356034,1.801012,281.59
7700,0.51,0.48,0.01,0.1282294,0.1306176,0.8642017,205.08
7800,0.44,0.53,0.03,0.133208,0.1507467,1.103806,197.13
7900,0.51,0.46,0.03,0.1372832,0.1431049,1.083005,207.31
8000,0.53,0.44,0.03,0.1263855,0.1321688,1.199805,211.71
8100,0.5,0.44,0.06,0.1269486,0.1315607,1.544411,219.59
8200,0.56,0.39,0.05,0.1304831,0.1307137,1.220806,237.47
8300,0.45,0.5,0.05,0.1315962,0.130105,1.173812,223.88
8400,0.44,0.48,0.08,0.1318346,0.1304806,1.857615,282.37
8500,0.61,0.37,0.02,0.1326285,0.1305947,0.7386011,218.62
8600,0.46,0.48,0.06,0.1354855,0.1257644,1.34761,258.74
8700,0.55,0.4,0.05,0.1344948,0.13384,1.142205,249.74
8800,0.46,0.5,0.04,0.1305012,0.134382,0.995406,218.53
8900,0.52,0.43,0.05,0.1251851,0.1277378,1.161805,208.81
9000,0.52,0.42,0.06,0.1297641,0.1303988,1.668409,250.8
9100,0.58,0.4,0.02,0.1298825,0.1322477,0.9612037,206.3
9200,0.57,0.38,0.05,0.1309385,0.1307116,1.034406,211.19
9300,0.48,0.49,0.03,0.1294863,0.126097,1.024006,189.36
9400,0.54,0.43,0.03,0.1265205,0.1296524,0.8884013,189.67
9500,0.44,0.52,0.04,0.1366778,0.1338497,1.187808,191.59
9600,0.49,0.47,0.04,0.1257171,0.1264529,0.7302017,181.2
9700,0.56,0.39,0.05,0.129547,0.1378882,1.60001,221.01
9800,0.58,0.34,0.08,0.1267963,0.1288187,1.830014,254.2
9900,0.6,0.39,0.01,0.1272308,0.1281349,0.9198031,187.14
10000,0.59,0.34,0.07,0.1252664,0.1350481,1.338406,228.6
10100,0.47,0.49,0.04,0.1239579,0.1270414,0.9684024,230.39
10200,0.52,0.44,0.04,0.1259645,0.1355529,0.9380052,178.56
10300,0.57,0.4,0.03,0.1244283,0.1300064,0.6642016,210.23
10400,0.47,0.5,0.03,0.1322625,0.1312329,0.8674036,216.82
10500,0.52,0.45,0.03,0.1356062,0.1391542,1.008404,228.95
10600,0.61,0.34,0.05,0.125187,0.1339765,1.435207,241.62
10700,0.56,0.4,0.04,0.1252481,0.1301092,1.463604,236.14
10800,0.55,0.41,0.04,0.1357034,0.1331176,1.269211,204.27
10900,0.48,0.48,0.04,0.12753,0.1252687,0.5624013,200.83
11000,0.61,0.36,0.03,0.1313639,0.1363395,1.135407,179.2
11100,0.54,0.44,0.02,0.1335362,0.1401515,0.9024042,188.11
11200,0.56,0.39,0.05,0.1213666,0.1282809,0.9602065,221.65
11300,0.57,0.42,0.01,0.1347021,0.1344138,0.7856023,217.82
11400,0.49,0.49,0.02,0.1262306,0.1291336,0.780803,205.13
11500,0.59,0.4,0.01,0.1327276,0.1377093,0.8224008,225.59
11600,0.55,0.44,0.01,0.1305779,0.1408372,0.5924,191.49
11700,0.59,0.4,0.01,0.1241094,0.1288076,0.6371995,182.14
11800,0.53,0.44,0.03,0.1281071,0.1378661,0.7552015,200.3
11900,0.57,0.42,0.01,0.1198185,0.126875,0.7122016,192.11
12000,0.6,0.36,0.04,0.1287795,0.1362843,1.113802,236.14
12100,0.59,0.4,0.01,0.1379921,0.1529922,0.7016023,181.99
12200,0.59,0.41,0,0.1252833,0.1285866,0.7049994,172.35
12300,0.52,0.42,0.06,0.1356438,0.1323448,1.310007,243.49
12400,0.5,0.49,0.01,0.1315612,0.1367594,0.746602,193.24
12500,0.52,0.45,0.03,0.1281722,0.1354455,1.040606,203.13
12600,0.51,0.43,0.06,0.1248816,0.1291263,1.506609,222.57
12700,0.55,0.43,0.02,0.1289114,0.1371189,0.7514018,175.72
12800,0.55,0.4,0.05,0.1251439,0.1295093,1.103006,236.53
12900,0.63,0.35,0.02,0.1392563,0.1471678,1.046203,198.91
13000,0.53,0.44,0.03,0.1276946,0.1395483,0.5266011,191.95
13100,0.45,0.51,0.04,0.1353907,0.1332927,0.9620036,240.95
13200,0.57,0.39,0.04,0.1235266,0.1305536,1.004806,212.73
13300,0.53,0.43,0.04,0.1228324,0.1308643,0.8470055,204.43
13400,0.5,0.5,0,0.125817,0.1248489,0.3911997,179.01
13500,0.54,0.43,0.03,0.1227237,0.1338068,0.9458035,189.41
13600,0.55,0.4,0.05,0.1268446,0.1324802,0.978806,198.43
13700,0.61,0.39,0,0.1220595,0.1308672,0.6371995,183.81
13800,0.6,0.4,0,0.1265157,0.1340976,0.6549995,160.55
13900,0.55,0.41,0.04,0.1354583,0.1356912,0.9222019,238.39
14000,0.58,0.36,0.06,0.1152924,0.12524,1.216608,212.9
14100,0.53,0.44,0.03,0.1263849,0.1268206,0.9666046,198.67
14200,0.6,0.36,0.04,0.1192819,0.128051,1.237805,214.91
14300,0.56,0.42,0.02,0.1252494,0.1276095,0.5236015,175.85
14400,0.58,0.4,0.02,0.1233006,0.1231022,0.9042039,196.73
14500,0.5,0.44,0.06,0.1265813,0.1301451,1.41281,227.96
14600,0.59,0.36,0.05,0.1274391,0.1367489,1.172405,223.12
14700,0.61,0.35,0.04,0.1220105,0.1443304,1.476607,228.05
14800,0.62,0.37,0.01,0.1139876,0.1246734,0.5901995,176.23
14900,0.58,0.4,0.02,0.1199229,0.1330786,0.4745996,237.28
15000,0.58,0.39,0.03,0.1166615,0.1244283,0.8842034,199.47
15100,0.56,0.4,0.04,0.1181478,0.1330476,1.234007,200.28
15200,0.51,0.44,0.05,0.1180627,0.121662,1.155406,202.25
15300,0.61,0.37,0.02,0.1191439,0.1268673,0.9706034,211.88
15400,0.48,0.5,0.02,0.1236013,0.1282376,1.075605,215.01
15500,0.64,0.33,0.03,0.117114,0.1332711,1.090806,180.29
15600,0.52,0.45,0.03,0.1210419,0.1237993,0.927603,200.97
15700,0.49,0.47,0.04,0.1237568,0.1281438,0.8488043,168.69
15800,0.52,0.42,0.06,0.1284514,0.1243498,0.9336033,244.87
15900,0.58,0.41,0.01,0.1241417,0.1327652,0.7746019,191.06
16000,0.56,0.4,0.04,0.1166246,0.1264076,0.8064024,208.43
16100,0.58,0.39,0.03,0.1142705,0.1263657,1.225206,218.59
16200,0.65,0.33,0.02,0.113464,0.1203565,0.7702018,180.59
16300,0.65,0.33,0.02,0.1250618,0.1373023,0.8782043,197.54
16400,0.58,0.39,0.03,0.1207278,0.1257037,1.010603,204.69
16500,0.57,0.41,0.02,0.1257398,0.1335606,0.856202,205.03
16600,0.53,0.42,0.05,0.1230016,0.1327478,1.163006,210.63
16700,0.59,0.35,0.06,0.1227924,0.1282589,1.61421,263.43
16800,0.55,0.41,0.04,0.1222084,0.1215918,1.031607,202.96
16900,0.57,0.4,0.03,0.1259454,0.1439086,0.8038041,170.91
17000,0.63,0.34,0.03,0.1159354,0.1312319,0.9954058,228.45
17100,0.64,0.34,0.02,0.1084351,0.121535,0.742202,188.08
17200,0.63,0.33,0.04,0.1233456,0.1290577,1.175805,219.64
17300,0.56,0.41,0.03,0.1143009,0.1252016,0.6698025,218.54
17400,0.49,0.48,0.03,0.1151854,0.1206803,0.7278017,216.63
17500,0.69,0.28,0.03,0.114104,0.1276585,1.230604,208.67
17600,0.62,0.36,0.02,0.1195457,0.1254454,1.051203,179.41
17700,0.65,0.31,0.04,0.1186442,0.1288418,1.048804,192.55
17800,0.56,0.43,0.01,0.130835,0.1361091,0.6873994,167.66
17900,0.53,0.39,0.08,0.1216423,0.1282204,1.475409,234.28
18000,0.64,0.33,0.03,0.1191211,0.1302389,1.150402,208.8
18100,0.6,0.37,0.03,0.1247285,0.1308317,0.827404,201.3
18200,0.69,0.3,0.01,0.1186007,0.1418453,0.6970016,164.9
18300,0.64,0.32,0.04,0.1270066,0.1471823,1.038606,199.79
18400,0.68,0.31,0.01,0.1139325,0.1264044,0.8746017,183.61
18500,0.54,0.44,0.02,0.1274645,0.1365769,0.8472039,161.91
18600,0.62,0.34,0.04,0.1163971,0.132763,1.186207,208.65
18700,0.54,0.42,0.04,0.1161899,0.1263247,1.161006,195.67
18800,0.57,0.41,0.02,0.1148472,0.1232034,0.8712016,199.36
18900,0.61,0.37,0.02,0.1221696,0.1249686,0.6502014,158.98
19000,0.58,0.39,0.03,0.1122365,0.1286567,0.8830035,200.78
19100,0.62,0.34,0.04,0.122931,0.1407432,1.064006,201.65
19200,0.62,0.36,0.02,0.1149233,0.1405749,1.020604,215.36
19300,0.62,0.31,0.07,0.1154438,0.1282091,1.473611,210.24
19400,0.67,0.31,0.02,0.1188507,0.1345162,0.8676006,173.44
19500,0.58,0.35,0.07,0.1102758,0.1259171,1.654812,230.48
19600,0.58,0.37,0.05,0.11004,0.1215478,1.090808,185.06
19700,0.57,0.39,0.04,0.1067755,0.1197046,0.9626049,176.52
19800,0.6,0.35,0.05,0.1211329,0.1240975,1.301011,201.29
19900,0.6,0.33,0.07,0.1207064,0.121582,1.188608,206.17
20000,0.59,0.37,0.04,0.1156285,0.1262959,1.300604,224.19
20100,0.54,0.42,0.04,0.1242479,0.1370461,1.476809,227.68
20200,0.61,0.34,0.05,0.1179152,0.1353414,0.9586051,190.13
20300,0.51,0.47,0.02,0.1167515,0.1314155,0.5838023,186.67
20400,0.52,0.43,0.05,0.1237821,0.1412715,0.865806,208.98
20500,0.62,0.33,0.05,0.1265855,0.1399494,1.268807,205.81
20600,0.56,0.42,0.02,0.1181258,0.1410786,0.8574038,196.76
20700,0.64,0.33,0.03,0.1141702,0.1245726,0.757801,206.06
20800,0.61,0.36,0.03,0.1160578,0.1226863,0.9238036,166.52
20900,0.59,0.39,0.02,0.1132675,0.1229057,0.9156045,184.08
21000,0.5,0.41,0.09,0.1210115,0.1249965,1.786212,232.13
21100,0.54,0.39,0.07,0.1195028,0.1267242,1.430412,226.52
21200,0.6,0.37,0.03,0.1141965,0.1286966,1.310004,189.32
21300,0.61,0.33,0.06,0.115425,0.1274358,1.308606,225.59
21400,0.61,0.36,0.03,0.1140952,0.1301979,0.990405,192.36
21500,0.66,0.29,0.05,0.1179847,0.1362221,1.255009,204.32
21600,0.49,0.48,0.03,0.1241008,0.1311656,0.7890038,174.6
21700,0.58,0.36,0.06,0.1159091,0.1254931,1.255009,216.84
21800,0.62,0.38,0,0.1245638,0.1480346,0.4961996,171.83
21900,0.61,0.36,0.03,0.1177574,0.1300907,1.288406,192.36
22000,0.62,0.33,0.05,0.1224991,0.1424785,1.481609,191.74
22100,0.6,0.4,0,0.1150514,0.1267991,0.4105997,181.99
22200,0.61,0.33,0.06,0.1094178,0.1250905,1.403409,197.22
22300,0.6,0.36,0.04,0.1201441,0.1327932,1.300407,182.14
22400,0.6,0.35,0.05,0.1152351,0.1321784,1.139206,207.42
22500,0.48,0.46,0.06,0.1171396,0.1216534,0.9336068,195.96
22600,0.58,0.41,0.01,0.1136471,0.1249277,0.867802,191.93
22700,0.73,0.24,0.03,0.1111908,0.1291617,1.026803,205.24
22800,0.65,0.34,0.01,0.1160587,0.1272711,0.6330021,145.93
22900,0.6,0.38,0.02,0.1131067,0.1308995,1.058004,176.65
23000,0.45,0.52,0.03,0.1184494,0.1254845,0.9122039,157.78
23100,0.62,0.37,0.01,0.113975,0.1447816,0.5805995,159.86
23200,0.65,0.29,0.06,0.1090705,0.1292803,1.067803,230.12
23300,0.55,0.38,0.07,0.1151806,0.1320619,1.466414,182.62
23400,0.57,0.39,0.04,0.1140386,0.1308488,1.207207,200.72
23500,0.57,0.41,0.02,0.127242,0.1441136,0.7476022,179.91
23600,0.6,0.39,0.01,0.1137324,0.1211138,0.4999996,187.37
23700,0.64,0.34,0.02,0.1136858,0.127324,0.8318021,165.42
23800,0.62,0.34,0.04,0.1157966,0.1408297,1.224607,197.54
23900,0.62,0.35,0.03,0.1158482,0.1289861,0.9556021,170.99
24000,0.63,0.37,0,0.1188131,0.1302951,0.5753996,155.04
24100,0.67,0.29,0.04,0.1162484,0.1461156,1.114605,199.78
24200,0.68,0.26,0.06,0.1071625,0.1369204,1.391808,210.56
24300,0.69,0.29,0.02,0.1137624,0.1496842,0.5948014,174.74
24400,0.62,0.32,0.06,0.1278977,0.1361084,1.461211,220.14
24500,0.55,0.39,0.06,0.1123788,0.123712,0.8202038,202.34
24600,0.53,0.42,0.05,0.1245506,0.1326773,1.072209,199.6
24700,0.59,0.37,0.04,0.1099823,0.1216183,0.735402,190.55
24800,0.61,0.37,0.02,0.1112942,0.1229574,0.5871996,178.96
24900,0.55,0.44,0.01,0.1140516,0.1219465,0.5282022,136.72
25000,0.54,0.41,0.05,0.1326271,0.1417453,1.383611,191.88
25100,0.66,0.28,0.06,0.1204838,0.1310195,1.35081,183.15
25200,0.68,0.31,0.01,0.1100237,0.1302435,0.536401,140.76
25300,0.63,0.32,0.05,0.1103321,0.1329558,1.013606,179.1
25400,0.6,0.38,0.02,0.104894,0.1172573,0.9258034,183.92
25500,0.62,0.36,0.02,0.1205212,0.1248637,0.9936039,172.02
25600,0.58,0.4,0.02,0.1096115,0.1296331,0.4331997,196.97
25700,0.57,0.39,0.04,0.1167559,0.1281937,1.342808,192.54
25800,0.61,0.37,0.02,0.118392,0.130576,0.8498032,180.62
25900,0.66,0.28,0.06,0.1038679,0.1294304,1.259607,216.07
26000,0.53,0.44,0.03,0.1133117,0.1219322,1.042806,192.31
26100,0.54,0.4,0.06,0.1195496,0.1258937,1.125606,230.36
26200,0.58,0.37,0.05,0.1155293,0.1429418,1.40541,184.06
26300,0.61,0.35,0.04,0.1156944,0.1260598,1.065208,188.06
26400,0.58,0.39,0.03,0.112086,0.1287369,0.9204034,174.32
26500,0.64,0.34,0.02,0.1188876,0.1396102,0.9640027,177.45
26600,0.64,0.35,0.01,0.1167584,0.1522046,0.6084018,181.03
26700,0.66,0.28,0.06,0.1114994,0.1263793,1.526811,196.6
26800,0.5,0.47,0.03,0.1165171,0.1244614,0.8408028,197.41
26900,0.62,0.36,0.02,0.1331402,0.1522553,0.8082045,165.78
27000,0.66,0.31,0.03,0.1119928,0.133551,0.4915996,193.75
27100,0.53,0.43,0.04,0.1369563,0.1425818,0.8678054,220.82
27200,0.51,0.47,0.02,0.1148416,0.1230432,0.4811996,154.24
27300,0.62,0.35,0.03,0.111758,0.1266971,1.205603,217.93
27400,0.6,0.37,0.03,0.1125306,0.1368442,1.098607,174.87
27500,0.63,0.33,0.04,0.1134315,0.1235201,1.357809,196.33
27600,0.6,0.35,0.05,0.1052546,0.1222747,1.376807,200.97
27700,0.62,0.35,0.03,0.1079424,0.1235161,0.6080008,191.89
27800,0.67,0.31,0.02,0.1131311,0.1285978,0.9486012,190.85
27900,0.61,0.35,0.04,0.1065131,0.1219204,0.9540036,197.11
28000,0.67,0.3,0.03,0.1062003,0.1291692,0.8922035,189.01
28100,0.66,0.29,0.05,0.1043577,0.1338099,1.160806,202.35
28200,0.62,0.34,0.04,0.1052649,0.1213556,1.127606,194.22
28300,0.64,0.32,0.04,0.1061263,0.1279617,1.217006,199.02
28400,0.64,0.36,0,0.1184766,0.1332071,0.4475996,163.93
28500,0.59,0.39,0.02,0.1086938,0.1218095,0.5456014,149.19
28600,0.68,0.3,0.02,0.108058,0.1293739,0.9632043,173.64
28700,0.67,0.3,0.03,0.100098,0.1250983,0.9372028,191.55
28800,0.63,0.34,0.03,0.1057132,0.1210768,0.9340054,178.89
28900,0.54,0.44,0.02,0.1117318,0.1279861,0.5688019,163.81
29000,0.58,0.39,0.03,0.1061808,0.1178076,0.7848036,175.25
29100,0.52,0.38,0.1,0.1172651,0.120908,1.823613,223.29
29200,0.6,0.38,0.02,0.1081163,0.1254625,0.8540039,204.4
29300,0.55,0.42,0.03,0.1165846,0.1230498,0.8568028,180.61
29400,0.63,0.31,0.06,0.1121561,0.1254191,1.188007,211.67
29500,0.59,0.37,0.04,0.1210446,0.148021,0.7564018,188.34
29600,0.58,0.37,0.05,0.1149937,0.1252061,1.243011,173.78
29700,0.6,0.37,0.03,0.1098525,0.1256365,0.5798013,180.86
29800,0.53,0.43,0.04,0.1154659,0.1355083,0.838405,173.44
29900,0.66,0.3,0.04,0.1059106,0.1258378,1.261805,189.49
30000,0.64,0.33,0.03,0.118113,0.1298933,0.9296043,191.36
30100,0.68,0.3,0.02,0.1078365,0.1260312,0.9716029,185.36
30200,0.52,0.47,0.01,0.132039,0.1405289,0.5832013,174.45
30300,0.58,0.41,0.01,0.1041913,0.1210371,0.7704018,163.49
30400,0.61,0.39,0,0.122789,0.1234758,0.3549998,178.54
30500,0.64,0.34,0.02,0.1042403,0.1328623,0.9766037,188.59
30600,0.63,0.36,0.01,0.105594,0.1237988,0.7390015,162.77
30700,0.61,0.38,0.01,0.1100313,0.1207434,0.6182017,153.26
30800,0.61,0.38,0.01,0.1053295,0.1200263,0.6298016,155.98
30900,0.65,0.33,0.02,0.1032434,0.1189357,0.4790005,175.16
31000,0.57,0.41,0.02,0.1126259,0.1192658,0.7454045,183.74
31100,0.54,0.42,0.04,0.1091174,0.1250447,0.7700042,170.78
31200,0.64,0.33,0.03,0.1024833,0.118872,0.8590047,170.71
31300,0.51,0.46,0.03,0.1097963,0.1189323,0.6708028,162.38
31400,0.59,0.4,0.01,0.1200048,0.1365917,0.6424013,198.23
31500,0.57,0.4,0.03,0.1174652,0.1447722,0.9000028,200.54
31600,0.54,0.42,0.04,0.1178234,0.1336357,0.9780064,177.87
31700,0.67,0.3,0.03,0.106052,0.1280396,0.8916035,196.26
31800,0.51,0.47,0.02,0.1140993,0.12684,0.7606018,186.02
31900,0.53,0.42,0.05,0.1044718,0.1181985,1.236009,183.47
32000,0.69,0.29,0.02,0.1094705,0.1452136,0.8780034,163.62
32100,0.6,0.38,0.02,0.1182375,0.1267847,0.6848037,138.72
32200,0.6,0.34,0.06,0.1088712,0.1231763,1.246411,196.06
32300,0.56,0.38,0.06,0.1082617,0.122791,1.624413,202.71
32400,0.6,0.39,0.01,0.1048378,0.1241186,0.6826013,174.52
32500,0.68,0.3,0.02,0.1102861,0.1451382,0.8810017,163.69
32600,0.7,0.28,0.02,0.1056529,0.1276297,0.7746012,186.27
32700,0.54,0.38,0.08,0.1113448,0.1305932,1.452009,219.65
32800,0.56,0.44,0,0.10999,0.1342435,0.5479996,165.47
32900,0.59,0.38,0.03,0.1137281,0.1495244,0.9196031,195.38
33000,0.68,0.32,0,0.1206033,0.1349464,0.5455995,157.37
33100,0.62,0.34,0.04,0.1033116,0.1296853,0.9342031,187.63
33200,0.59,0.37,0.04,0.1131897,0.1195675,1.055806,172.05
33300,0.61,0.38,0.01,0.1123696,0.1186617,0.6564009,159.41
33400,0.66,0.31,0.03,0.1093488,0.129228,1.066204,207.2
33500,0.63,0.36,0.01,0.1027002,0.1266805,0.4771996,153.29
33600,0.58,0.39,0.03,0.1088729,0.1175588,0.8782054,168.05
33700,0.61,0.33,0.06,0.1153014,0.1293111,1.36461,196.31
33800,0.51,0.45,0.04,0.1065724,0.1268654,1.196208,186.02
33900,0.67,0.32,0.01,0.115898,0.1269427,0.5200016,141.21
34000,0.66,0.31,0.03,0.1089194,0.1267947,1.002204,175.81
34100,0.51,0.46,0.03,0.1083962,0.1196853,1.097205,165.15
34200,0.59,0.36,0.05,0.1071986,0.1213541,1.337608,179.92
34300,0.6,0.35,0.05,0.1073022,0.1168551,1.124205,205.1
34400,0.62,0.35,0.03,0.1197319,0.1434748,0.9878055,164.15
34500,0.64,0.34,0.02,0.1120416,0.1279921,0.7570029,169.82
34600,0.55,0.43,0.02,0.1077328,0.1316928,0.7972031,167.7
34700,0.61,0.37,0.02,0.1065289,0.1318087,0.9102033,160.86
34800,0.58,0.38,0.04,0.1111726,0.1259478,0.9114042,186.56
34900,0.62,0.34,0.04,0.1034637,0.1246009,1.267807,188.67
35000,0.52,0.43,0.05,0.1096259,0.1254877,0.9966049,178.25
35100,0.61,0.36,0.03,0.1107488,0.119711,0.7126046,195.29
35200,0.65,0.34,0.01,0.1098886,0.1230226,0.5397995,165.9
35300,0.68,0.31,0.01,0.1015834,0.1232884,0.5616005,162.76
35400,0.61,0.37,0.02,0.1154111,0.1304584,0.7708026,154.64
35500,0.65,0.3,0.05,0.1077224,0.123608,1.152609,198.04
35600,0.65,0.31,0.04,0.1049438,0.1314832,1.025405,188.95
35700,0.61,0.39,0,0.1116577,0.1221214,0.4567997,170.81
35800,0.67,0.29,0.04,0.1069247,0.1354206,1.198405,187.68
35900,0.56,0.36,0.08,0.1146665,0.1276286,1.713614,243.92
36000,0.48,0.49,0.03,0.1126212,0.1147109,0.7242037,174.4
36100,0.62,0.35,0.03,0.1082255,0.1230567,0.7976038,175.91
36200,0.6,0.38,0.02,0.1035269,0.1254272,0.9138031,184.56
36300,0.61,0.33,0.06,0.1081781,0.1328611,0.9792047,206.83
36400,0.63,0.33,0.04,0.1115554,0.1215615,1.225609,176.46
36500,0.58,0.34,0.08,0.108989,0.1218878,0.8310053,191.33
36600,0.59,0.39,0.02,0.1187028,0.1295725,0.4091997,145.4
36700,0.61,0.36,0.03,0.1020361,0.1188067,0.8376021,159.41
36800,0.56,0.39,0.05,0.1067265,0.1248491,1.28141,183.93
36900,0.58,0.37,0.05,0.1211823,0.1326984,1.125008,193.71
37000,0.62,0.36,0.02,0.1048303,0.122988,0.7722021,182.54
37100,0.61,0.35,0.04,0.1055808,0.1230763,1.101006,180.66
37200,0.6,0.35,0.05,0.1054907,0.1385882,1.264207,203.64
37300,0.6,0.4,0,0.1151237,0.1301822,0.4493997,157.33
37400,0.64,0.33,0.03,0.1153719,0.1328964,0.907604,174.27
37500,0.59,0.39,0.02,0.1162496,0.1308194,0.6590013,170.28
37600,0.61,0.34,0.05,0.1007865,0.1324815,1.434209,218.05
37700,0.55,0.4,0.05,0.1212965,0.1340406,1.20081,200.32
37800,0.63,0.34,0.03,0.09930654,0.125915,0.9710055,171.49
37900,0.62,0.38,0,0.1068636,0.1350562,0.4523997,145.94
38000,0.58,0.38,0.04,0.1090642,0.1217687,1.002605,191.81
38100,0.6,0.36,0.04,0.1000365,0.1169826,1.026804,186.61
38200,0.54,0.4,0.06,0.1091518,0.1206497,1.516413,223.44
38300,0.64,0.34,0.02,0.1085216,0.1241085,0.6026019,187.81
38400,0.61,0.37,0.02,0.1135177,0.1266163,0.4707996,197.22
38500,0.65,0.32,0.03,0.1052812,0.1219951,1.068404,174.91
38600,0.64,0.33,0.03,0.1061755,0.1187419,0.9954044,177.81
38700,0.51,0.43,0.06,0.1106667,0.1216691,1.120005,215.43
38800,0.64,0.32,0.04,0.1028335,0.1175756,1.172803,203.55
38900,0.62,0.35,0.03,0.1108466,0.1282931,1.070806,165.86
39000,0.61,0.32,0.07,0.105668,0.1220394,1.473212,206
39100,0.69,0.31,0,0.1006114,0.1271961,0.5729995,165.73
39200,0.7,0.27,0.03,0.1051765,0.1228853,1.056803,190.02
39300,0.67,0.29,0.04,0.1097961,0.1447076,1.238008,199.96
39400,0.65,0.31,0.04,0.1168295,0.139907,1.210408,185.87
39500,0.54,0.43,0.03,0.1204434,0.1389258,0.8760035,215.87
39600,0.58,0.39,0.03,0.1128948,0.1461189,0.9220052,184.03
39700,0.62,0.35,0.03,0.1135521,0.1506228,0.6840009,183.8
39800,0.62,0.35,0.03,0.1097815,0.1291358,1.097205,186.66
39900,0.63,0.36,0.01,0.1043443,0.117942,0.5732006,158.88
40000,0.6,0.38,0.02,0.1054853,0.1402887,0.554402,170.88
40100,0.52,0.45,0.03,0.1055992,0.1221229,0.4722023,167.58
40200,0.61,0.34,0.05,0.1008699,0.1298415,1.141804,205.62
40300,0.6,0.37,0.03,0.1003692,0.1230707,0.9840055,166
40400,0.59,0.39,0.02,0.1078728,0.1243344,0.4292011,182.49
40500,0.68,0.31,0.01,0.1050952,0.1249721,0.8362015,168.32
40600,0.64,0.33,0.03,0.1057985,0.1229618,0.9158055,183.14
40700,0.64,0.34,0.02,0.1140896,0.1421076,0.8014035,164.04
40800,0.61,0.35,0.04,0.1095815,0.1347624,0.7700038,188.25
40900,0.6,0.36,0.04,0.1023285,0.1224029,0.9130039,184.97
41000,0.6,0.39,0.01,0.1022339,0.1185194,0.5799995,154.59
41100,0.61,0.37,0.02,0.1065562,0.1611498,0.8968031,168.56
41200,0.59,0.41,0,0.1090367,0.1225291,0.5309997,167.18
41300,0.66,0.31,0.03,0.1064884,0.1253424,0.8084018,175.04
41400,0.54,0.43,0.03,0.1122179,0.1211151,0.8648044,204.65
41500,0.57,0.4,0.03,0.109653,0.1179584,1.060604,177.26
41600,0.68,0.29,0.03,0.1009745,0.1266841,0.6926013,173.71
41700,0.65,0.35,0,0.1054471,0.1220919,0.4593996,154.95
41800,0.53,0.43,0.04,0.1064676,0.1192632,0.9362053,178.52
41900,0.61,0.36,0.03,0.1088654,0.1224854,0.9794044,180.81
42000,0.67,0.29,0.04,0.1078644,0.13831,0.9690053,165.7
42100,0.65,0.32,0.03,0.109292,0.1293266,0.8034042,161.14
42200,0.64,0.31,0.05,0.1124331,0.1314589,1.143406,201.75
42300,0.64,0.31,0.05,0.1024078,0.1322733,1.051605,192.53
42400,0.67,0.32,0.01,0.1028058,0.1179693,0.6880015,169.22
42500,0.66,0.31,0.03,0.09646416,0.1233881,0.9196022,190.75
42600,0.72,0.24,0.04,0.1032585,0.1224082,1.210007,194.25
42700,0.59,0.39,0.02,0.1002223,0.1168653,0.5408019,168.27
42800,0.58,0.39,0.03,0.1196741,0.1433381,1.052007,188.6
42900,0.61,0.33,0.06,0.1036855,0.1188219,1.11161,187.08
43000,0.67,0.3,0.03,0.1028722,0.1385546,0.8560023,184.89
43100,0.67,0.32,0.01,0.1186154,0.1305735,0.6794016,150.48
43200,0.56,0.41,0.03,0.1109687,0.1158512,0.7234012,173.57
43300,0.59,0.4,0.01,0.1121065,0.1382454,0.5450024,158.7
43400,0.71,0.26,0.03,0.1013625,0.1272847,0.8608038,178.72
43500,0.67,0.32,0.01,0.1100019,0.1477087,0.7142017,159.62
43600,0.59,0.38,0.03,0.1066192,0.1229315,0.8092047,196.35
43700,0.65,0.32,0.03,0.1047795,0.1187993,0.7402018,185.32
43800,0.65,0.34,0.01,0.1215337,0.1290684,0.8008009,162.74
43900,0.58,0.4,0.02,0.1104753,0.1325266,0.8272038,179.37
44000,0.55,0.41,0.04,0.1070876,0.1235884,0.4510019,164.09
44100,0.57,0.4,0.03,0.1060151,0.1397351,0.6214009,185.9
44200,0.57,0.37,0.06,0.1143942,0.1333694,1.473013,188.91
44300,0.65,0.33,0.02,0.1040831,0.130988,0.6440018,178.02
44400,0.62,0.36,0.02,0.1097419,0.1441805,0.5964037,146.13
44500,0.63,0.32,0.05,0.1018,0.1246002,0.6624021,200.61
44600,0.6,0.36,0.04,0.1116176,0.1300655,1.053207,191.06
44700,0.59,0.4,0.01,0.1164792,0.1278058,0.449802,140.52
44800,0.57,0.4,0.03,0.1271366,0.1305378,0.7928039,172.65
44900,0.67,0.32,0.01,0.1083768,0.145968,0.5105996,201.29
45000,0.62,0.35,0.03,0.1065498,0.1282041,1.128004,169.03
45100,0.6,0.37,0.03,0.106327,0.1211954,0.9396058,175.9
45200,0.64,0.32,0.04,0.1118389,0.1327507,0.9264044,212.1
45300,0.57,0.43,0,0.1019252,0.1183113,0.5501995,159.51
45400,0.57,0.4,0.03,0.1109848,0.1192503,0.6870035,189.16
45500,0.62,0.36,0.02,0.09932216,0.1181336,0.7222018,165.92
45600,0.7,0.27,0.03,0.1174373,0.1469092,0.7530025,173.71
45700,0.62,0.37,0.01,0.1072182,0.1346314,0.5794011,156.7
45800,0.67,0.31,0.02,0.1015211,0.1186901,0.7090013,182.29
45900,0.76,0.2,0.04,0.09914234,0.1350702,1.085604,179.18
46000,0.67,0.31,0.02,0.1061442,0.1248388,0.6226022,164.12
46100,0.61,0.33,0.06,0.09603223,0.1247151,1.294008,214.7
46200,0.64,0.35,0.01,0.1039571,0.1287745,0.4587995,157.42
46300,0.61,0.38,0.01,0.1053675,0.1223044,0.6042013,163
46400,0.65,0.3,0.05,0.1066912,0.1263049,1.056807,207.93
46500,0.64,0.33,0.03,0.1142551,0.1422972,1.262207,175.07
46600,0.6,0.38,0.02,0.1120462,0.1485292,0.5770027,148.88
46700,0.6,0.36,0.04,0.1036003,0.1277355,1.187608,167.29
46800,0.63,0.33,0.04,0.1103145,0.1337411,0.8548041,202.92
46900,0.66,0.32,0.02,0.1077517,0.1337962,0.6916021,156.14
47000,0.63,0.36,0.01,0.1046118,0.1303614,0.8216019,157.86
47100,0.61,0.38,0.01,0.1012079,0.1240797,0.4927996,168.18
47200,0.65,0.32,0.03,0.1168551,0.1254362,0.6374013,171
47300,0.6,0.39,0.01,0.1197471,0.1367717,0.3727997,149.18
47400,0.57,0.38,0.05,0.1037979,0.1229021,1.063005,178.9
47500,0.63,0.35,0.02,0.1057508,0.1217582,0.7618038,145.26
47600,0.59,0.39,0.02,0.1163045,0.1294236,0.9142042,153.1
47700,0.56,0.4,0.04,0.1147165,0.1583708,0.9554062,166.9
47800,0.71,0.29,0,0.09993122,0.1229306,0.4621996,148
47900,0.63,0.36,0.01,0.1097603,0.1135024,0.5248014,154.98
48000,0.61,0.36,0.03,0.102162,0.1316872,1.098805,191.04
48100,0.59,0.37,0.04,0.1012834,0.1148361,0.8788035,213.5
48200,0.64,0.34,0.02,0.1034629,0.1208482,0.8514035,171.73
48300,0.62,0.34,0.04,0.103613,0.1273253,0.9044035,173.19
48400,0.65,0.35,0,0.1116098,0.1366598,0.5179996,150.98
48500,0.64,0.34,0.02,0.1031597,0.1351782,0.4855996,170.59
48600,0.61,0.37,0.02,0.1002589,0.1306496,0.9064029,194.5
48700,0.62,0.35,0.03,0.1132007,0.1321639,1.028206,179.47
48800,0.64,0.35,0.01,0.1108699,0.1387398,0.6692012,146.53
48900,0.62,0.35,0.03,0.1075694,0.1203798,0.7724034,176.37
49000,0.69,0.29,0.02,0.1143548,0.13718,0.4816018,145.32
49100,0.59,0.35,0.06,0.1050236,0.1228936,1.259408,196.02
49200,0.64,0.33,0.03,0.09976068,0.131902,0.6478016,163.1
49300,0.68,0.3,0.02,0.1024243,0.1220199,0.969404,155.45
49400,0.61,0.35,0.04,0.1100839,0.1293368,0.9402049,200.54
49500,0.6,0.38,0.02,0.1081906,0.1214206,0.5114017,123.15
49600,0.59,0.37,0.04,0.1112937,0.1201502,1.010005,200
49700,0.69,0.28,0.03,0.10298,0.1285986,0.9706043,161.14
49800,0.73,0.26,0.01,0.09659576,0.1314516,0.6372021,132.5
49900,0.64,0.35,0.01,0.1010739,0.1180146,0.6704023,157.52
50000,0.66,0.32,0.02,0.1067051,0.1309367,0.8210021,162.63
50100,0.58,0.39,0.03,0.1052703,0.1229881,0.7684016,196.27
50200,0.69,0.3,0.01,0.1161649,0.1250045,0.6400017,168.6
50300,0.62,0.32,0.06,0.09440143,0.1268995,1.258807,196.23
50400,0.66,0.34,0,0.102554,0.1481188,0.6039999,153.05
50500,0.63,0.36,0.01,0.1010564,0.1301815,0.5163996,155.84
50600,0.61,0.37,0.02,0.103836,0.1216039,0.560602,154.84
50700,0.55,0.44,0.01,0.1040891,0.1179486,0.491001,155.11
50800,0.51,0.44,0.05,0.1202946,0.1407807,1.032409,196.1
50900,0.56,0.38,0.06,0.1029224,0.1170421,1.045807,206.39
51000,0.63,0.35,0.02,0.106672,0.1325024,0.8294016,167.2
51100,0.57,0.39,0.04,0.118982,0.1446609,1.083807,194.77
51200,0.63,0.33,0.04,0.1028101,0.1378543,1.135605,184.33
51300,0.49,0.46,0.05,0.107884,0.1172333,1.163607,214.88
51400,0.74,0.25,0.01,0.1037732,0.1257437,0.6560013,148.67
51500,0.67,0.31,0.02,0.1055984,0.1263618,1.032003,184.01
51600,0.57,0.4,0.03,0.1048126,0.1166681,0.8822057,196.54
51700,0.67,0.31,0.02,0.1060396,0.1209285,1.080004,186
51800,0.61,0.38,0.01,0.108142,0.1548615,0.3941997,154.69
51900,0.58,0.38,0.04,0.1027436,0.1269392,0.8860047,186.65
52000,0.57,0.41,0.02,0.1207218,0.1424032,0.6516019,214.72
52100,0.61,0.38,0.01,0.1042054,0.1182626,0.4040022,138.67
52200,0.68,0.32,0,0.1020765,0.1253687,0.4431997,145.4
52300,0.58,0.41,0.01,0.1062252,0.1172018,0.5170014,146.57
52400,0.58,0.39,0.03,0.1143547,0.1176291,0.9256055,185.93
52500,0.62,0.34,0.04,0.1068909,0.121759,1.007005,198.38
52600,0.66,0.3,0.04,0.1122478,0.1488704,1.174808,204.64
52700,0.63,0.32,0.05,0.09887072,0.1263909,1.118005,189.67
52800,0.67,0.3,0.03,0.094556,0.1217175,0.9872031,162.48
52900,0.57,0.39,0.04,0.1079389,0.1186519,0.822605,194.97
53000,0.64,0.35,0.01,0.1026522,0.1251112,0.5736018,165.98
53100,0.72,0.28,0,0.1128898,0.1351372,0.5501995,163.9
53200,0.65,0.35,0,0.1012604,0.1171615,0.6965999,186.81
53300,0.67,0.31,0.02,0.1094608,0.1565702,0.6173996,166.2
53400,0.65,0.33,0.02,0.1017428,0.1247027,0.8838032,161.81
53500,0.65,0.35,0,0.1073257,0.1206483,0.5099996,167.98
53600,0.58,0.36,0.06,0.1031673,0.1264863,1.152608,188.57
53700,0.57,0.41,0.02,0.1157009,0.1285918,0.710804,149.77
53800,0.7,0.28,0.02,0.1003392,0.1212462,0.7461994,166.86
53900,0.57,0.42,0.01,0.100198,0.1234774,0.6980017,153
54000,0.61,0.36,0.03,0.1044569,0.1230397,0.9630052,175.76
54100,0.65,0.35,0,0.1024064,0.1285881,0.5417995,175.76
54200,0.59,0.36,0.05,0.1083489,0.1326777,1.424808,208.85
54300,0.55,0.44,0.01,0.1142272,0.1256004,0.6768019,174.12
54400,0.58,0.36,0.06,0.0995208,0.1162419,1.31581,201.19
54500,0.57,0.39,0.04,0.1108385,0.1208464,0.8478034,198.44
54600,0.58,0.4,0.02,0.1095306,0.1208101,0.6028019,191.14
54700,0.6,0.36,0.04,0.09277977,0.1204511,0.8406039,172.03
54800,0.61,0.37,0.02,0.1020133,0.1238914,0.7360041,153.95
54900,0.55,0.42,0.03,0.1094763,0.1164856,0.9636046,204.44
55000,0.53,0.43,0.04,0.1132476,0.1489131,1.116805,178.56
55100,0.66,0.32,0.02,0.1037548,0.1347195,0.7948006,155.65
55200,0.64,0.36,0,0.115478,0.1250445,0.3863997,151.23
55300,0.66,0.31,0.03,0.1041324,0.1245355,1.000403,200.35
55400,0.62,0.37,0.01,0.1029679,0.116673,0.720001,152.45
55500,0.62,0.36,0.02,0.1025853,0.1126415,0.5575998,178.07
55600,0.57,0.41,0.02,0.125698,0.1326332,0.6528019,161.9
55700,0.62,0.35,0.03,0.1036637,0.1280799,0.9840049,183.43
55800,0.65,0.33,0.02,0.1091405,0.1435817,0.5291995,185.18
55900,0.65,0.34,0.01,0.1106416,0.1330318,0.6658017,170.33
56000,0.59,0.4,0.01,0.1186679,0.1477246,0.6550014,168.05
56100,0.63,0.36,0.01,0.1192955,0.1434269,0.6790017,147.48
56200,0.61,0.37,0.02,0.1070123,0.1284511,0.8072031,174.24
56300,0.66,0.3,0.04,0.1045172,0.1323008,0.9382041,193.69
56400,0.65,0.35,0,0.1131064,0.1509666,0.4855996,168.43
56500,0.63,0.33,0.04,0.1023488,0.1281928,1.055406,192.52
56600,0.65,0.3,0.05,0.1000513,0.1241083,0.8210025,185.16
56700,0.57,0.42,0.01,0.1141416,0.1202915,0.6097996,158.47
56800,0.68,0.3,0.02,0.1035478,0.123898,0.5416004,164.24
56900,0.64,0.35,0.01,0.122068,0.170351,0.6322023,156.75
57000,0.57,0.4,0.03,0.1071524,0.1293485,0.5946018,186.43
57100,0.62,0.34,0.04,0.1044076,0.1350962,0.7670022,179.09
57200,0.64,0.34,0.02,0.1040009,0.1270517,0.7870014,188.2
57300,0.72,0.25,0.03,0.106104,0.1263504,0.8298036,177.31
57400,0.59,0.4,0.01,0.110999,0.1215705,0.6010019,174.01
57500,0.67,0.32,0.01,0.1003312,0.1247217,0.7226011,185.12
57600,0.63,0.36,0.01,0.1027889,0.1157078,0.4421997,167.89
57700,0.63,0.35,0.02,0.1205019,0.1364348,0.6319994,166.33
57800,0.59,0.39,0.02,0.1075508,0.1290047,0.6606033,154.04
57900,0.6,0.37,0.03,0.1093991,0.1196757,0.7178037,176.63
58000,0.62,0.36,0.02,0.09916388,0.1189277,0.5017996,194.4
58100,0.59,0.37,0.04,0.1173115,0.1366816,1.154207,190.25
58200,0.6,0.39,0.01,0.112283,0.1416636,0.7222024,199.83
58300,0.63,0.35,0.02,0.1050813,0.1252502,0.7900017,196.44
58400,0.66,0.29,0.05,0.1118671,0.1424756,1.161807,185.21
58500,0.62,0.35,0.03,0.108738,0.1290935,1.030804,171.12
58600,0.56,0.42,0.02,0.1121772,0.1248384,0.5658013,162.55
58700,0.7,0.29,0.01,0.09681188,0.1236924,0.6713995,170.6
58800,0.58,0.42,0,0.1055113,0.1272827,0.4291997,141.36
58900,0.69,0.27,0.04,0.1319801,0.160273,0.7240014,177.71
59000,0.62,0.35,0.03,0.112751,0.1422951,0.9954057,186.57
59100,0.62,0.33,0.05,0.1011064,0.1300778,0.8514014,199.23
59200,0.71,0.28,0.01,0.1042766,0.1485525,0.7924007,168.34
59300,0.66,0.31,0.03,0.1075953,0.1308361,1.031605,195.8
59400,0.68,0.3,0.02,0.1050204,0.1262314,0.6370027,164.37
59500,0.66,0.3,0.04,0.10104,0.1236135,1.358207,192.45
59600,0.73,0.26,0.01,0.1030335,0.1355888,0.887201,159.61
59700,0.64,0.34,0.02,0.09775557,0.1237644,0.7850018,165.31
59800,0.55,0.45,0,0.105191,0.1259477,0.4665996,153.2
59900,0.61,0.36,0.03,0.1063737,0.1363074,1.073005,162.13
60000,0.64,0.35,0.01,0.104321,0.1223973,0.5087996,159.45
60100,0.62,0.32,0.06,0.1162899,0.1217837,1.231606,226.42
60200,0.59,0.38,0.03,0.09948004,0.1241521,0.679002,182.23
60300,0.62,0.35,0.03,0.1064387,0.1352301,0.7808044,190.55
60400,0.68,0.3,0.02,0.09711571,0.1226403,0.8176013,193.43
60500,0.6,0.35,0.05,0.1076827,0.1330505,1.363008,201.91
60600,0.57,0.38,0.05,0.10944,0.1279984,1.277207,204.1
60700,0.64,0.33,0.03,0.09543917,0.1216558,0.9770039,186.98
60800,0.65,0.32,0.03,0.1025616,0.1211434,0.9626042,183.31
60900,0.61,0.37,0.02,0.1025714,0.1194304,0.8520038,167.27
61000,0.58,0.36,0.06,0.1092939,0.1310471,1.046808,220.04
61100,0.64,0.34,0.02,0.1025128,0.1129623,0.4617997,170.84
61200,0.54,0.44,0.02,0.1142994,0.1267175,0.4011997,174.52
61300,0.68,0.32,0,0.1044333,0.1297925,0.5815995,137.01
61400,0.69,0.3,0.01,0.1087732,0.1325709,0.4937997,164.04
61500,0.72,0.27,0.01,0.09853338,0.1241129,0.6983995,178.14
61600,0.62,0.37,0.01,0.1087609,0.1310152,0.7316023,169.71
61700,0.61,0.35,0.04,0.1055458,0.1205515,0.6836022,177.82
61800,0.6,0.38,0.02,0.1095686,0.123278,0.7726045,153.47
61900,0.73,0.26,0.01,0.1050362,0.1348725,0.6720019,154.01
62000,0.61,0.34,0.05,0.1055931,0.1218406,1.145207,202.23
62100,0.58,0.41,0.01,0.1065144,0.1295883,0.8478022,155.46
62200,0.63,0.31,0.06,0.09776606,0.1327955,1.251609,204.29
62300,0.72,0.28,0,0.101723,0.1260435,0.5674,151.85
62400,0.67,0.32,0.01,0.1053028,0.1467916,0.7170022,161.92
62500,0.61,0.39,0,0.1099101,0.1309308,0.5764012,161.12
62600,0.65,0.32,0.03,0.1166189,0.1437855,0.9054051,178.38
62700,0.69,0.27,0.04,0.1016937,0.1235158,1.112608,167.35
62800,0.58,0.39,0.03,0.1040994,0.1112335,0.7218022,200.35
62900,0.57,0.41,0.02,0.1216824,0.1310075,0.4800017,145.85
63000,0.66,0.34,0,0.1116444,0.1357809,0.5809996,144.59
63100,0.58,0.4,0.02,0.1108112,0.1219101,0.5506014,190.47
63200,0.62,0.36,0.02,0.1032276,0.1231805,0.7572026,174.35
63300,0.67,0.32,0.01,0.1067648,0.1266727,0.7072019,168.97
63400,0.68,0.31,0.01,0.0969243,0.1289998,0.758601,191.26
63500,0.56,0.4,0.04,0.1017381,0.1128046,1.019004,215.19
63600,0.64,0.32,0.04,0.1051385,0.1157531,1.125607,173.51
63700,0.69,0.29,0.02,0.0896024,0.1188607,0.8234032,165.62
63800,0.62,0.36,0.02,0.1018345,0.1224227,0.927403,185.13
63900,0.6,0.37,0.03,0.1054238,0.1440915,0.8940043,167.07
64000,0.58,0.36,0.06,0.1046205,0.1229234,1.119803,235.16
64100,0.66,0.33,0.01,0.1008205,0.1256502,0.7101996,184.03
64200,0.6,0.39,0.01,0.1060072,0.1242981,0.7024013,171.63
64300,0.55,0.42,0.03,0.1119371,0.1303473,0.6640019,183.15
64400,0.59,0.37,0.04,0.1036108,0.1230484,0.7604038,186.99
64500,0.62,0.38,0,0.1030143,0.1284226,0.5253996,158.71
64600,0.66,0.31,0.03,0.1122927,0.1295799,1.036007,172.74
64700,0.67,0.32,0.01,0.1037302,0.1258515,0.5597996,176.67
64800,0.69,0.28,0.03,0.1056994,0.1297318,0.8104043,194.78
64900,0.69,0.28,0.03,0.09861103,0.1275488,0.8102024,184.07
65000,0.62,0.36,0.02,0.1043479,0.1226011,0.7866017,177.66
65100,0.62,0.34,0.04,0.1033548,0.1222386,1.125206,180.52
65200,0.64,0.33,0.03,0.09690557,0.1189782,0.9106031,192.38
65300,0.68,0.31,0.01,0.1009053,0.1284021,0.7397994,156.17
65400,0.65,0.33,0.02,0.09506955,0.1171756,0.8288026,177.86
65500,0.64,0.33,0.03,0.1165637,0.1564678,0.8682027,188.95
65600,0.67,0.31,0.02,0.1062589,0.1252485,1.034204,179.25
65700,0.7,0.28,0.02,0.09122388,0.1255982,0.9226011,181.91
65800,0.68,0.27,0.05,0.1021095,0.1424811,0.9480036,219.22
65900,0.61,0.38,0.01,0.1021704,0.1275813,0.8344018,180.56
66000,0.64,0.32,0.04,0.1016412,0.1233928,0.9610054,179.38
66100,0.67,0.32,0.01,0.1104313,0.1413755,0.4865996,136.75
66200,0.68,0.3,0.02,0.1093398,0.1294842,0.6684015,167.54
66300,0.61,0.37,0.02,0.1087049,0.1336641,0.8836017,193.97
66400,0.61,0.36,0.03,0.1071212,0.1222279,0.8748036,200.16
66500,0.61,0.37,0.02,0.1011067,0.1207206,0.5100017,166.39
66600,0.6,0.36,0.04,0.107855,0.1255464,1.044608,190.07
66700,0.59,0.37,0.04,0.1051137,0.1227602,1.125208,190
66800,0.61,0.39,0,0.1229492,0.1614046,0.4415997,134.33
66900,0.62,0.35,0.03,0.1135798,0.1331959,0.5744007,172.21
67000,0.57,0.41,0.02,0.1110932,0.1154035,0.677002,163.18
67100,0.61,0.37,0.02,0.1009989,0.1268998,0.6446018,163.83
67200,0.65,0.33,0.02,0.1125463,0.1455734,0.8464026,178.36
67300,0.65,0.33,0.02,0.1110548,0.1253786,0.7466019,173.47
67400,0.65,0.34,0.01,0.0990903,0.1249303,0.7142018,159.11
67500,0.62,0.35,0.03,0.103737,0.1281525,0.8158036,169.67
67600,0.65,0.34,0.01,0.109109,0.1343376,0.6640018,158.3
67700,0.65,0.34,0.01,0.1086704,0.1497378,0.4737996,141.49
67800,0.64,0.29,0.07,0.1030563,0.1350596,1.397812,184.25
67900,0.63,0.36,0.01,0.1111183,0.1286003,0.7332013,171.21
68000,0.64,0.36,0,0.09891258,0.1166972,0.6755995,171.14
68100,0.69,0.3,0.01,0.1044712,0.1246717,0.4597996,144.97
68200,0.64,0.34,0.02,0.1070437,0.128014,0.5998021,195.17
68300,0.64,0.34,0.02,0.1034361,0.1313978,0.8488039,176.53
68400,0.64,0.36,0,0.1029383,0.1246835,0.5481996,143.97
68500,0.59,0.4,0.01,0.100922,0.1327673,0.5397996,151.49
68600,0.64,0.34,0.02,0.1047429,0.1394851,0.7272018,172.4
68700,0.65,0.34,0.01,0.09747072,0.1209237,0.7410014,151.1
68800,0.63,0.35,0.02,0.09905764,0.1193936,0.690201,182.66
68900,0.67,0.28,0.05,0.1025295,0.1202602,1.35901,194.36
69000,0.68,0.29,0.03,0.1016189,0.1240309,0.9410042,187.43
69100,0.63,0.35,0.02,0.1022469,0.1200024,0.7884037,191.98
69200,0.67,0.32,0.01,0.1013421,0.130731,0.5913994,147.34
69300,0.55,0.44,0.01,0.1060803,0.1206525,0.3477997,157.27
69400,0.69,0.28,0.03,0.1008593,0.1312163,0.8892029,167.55
69500,0.69,0.3,0.01,0.1098426,0.1426816,0.6673993,174.5
69600,0.69,0.28,0.03,0.09865373,0.1275752,0.5727996,183.45
69700,0.64,0.34,0.02,0.09971896,0.1210373,0.466402,167.62
69800,0.65,0.29,0.06,0.1027143,0.1269834,1.251408,230.12
69900,0.61,0.37,0.02,0.1015425,0.1251854,0.6878024,190.01
70000,0.7,0.27,0.03,0.09629863,0.145556,0.9110011,194.02
70100,0.67,0.32,0.01,0.0961144,0.1173513,0.4891996,158.18
70200,0.63,0.35,0.02,0.09461097,0.1336204,0.6816009,180.08
70300,0.67,0.31,0.02,0.1019365,0.1262777,0.8982015,182.02
70400,0.66,0.31,0.03,0.0988519,0.1245553,1.058606,178.95
70500,0.66,0.3,0.04,0.1015666,0.126653,1.050805,171.89
70600,0.69,0.29,0.02,0.1164932,0.1462591,0.6166015,157.17
70700,0.59,0.4,0.01,0.1156177,0.1322357,0.5114018,178.35
70800,0.65,0.3,0.05,0.1013037,0.128596,1.230407,191.76
70900,0.63,0.34,0.03,0.09981184,0.1217961,0.802404,183.12
71000,0.57,0.42,0.01,0.1056349,0.1246906,0.846601,183.32
71100,0.6,0.36,0.04,0.110855,0.1409699,0.9456028,182.69
71200,0.66,0.32,0.02,0.100834,0.1341062,0.6597994,185.46
71300,0.65,0.3,0.05,0.09874099,0.1439272,0.9590037,196.83
71400,0.71,0.29,0,0.09680472,0.1243429,0.7915992,152.34
71500,0.71,0.27,0.02,0.09079831,0.1227804,1.184604,170.31
71600,0.65,0.31,0.04,0.1045601,0.1567416,0.9594046,185.58
71700,0.66,0.32,0.02,0.1051019,0.1256148,0.700002,185.24
71800,0.68,0.31,0.01,0.1003938,0.1369697,0.4473997,134.3
71900,0.68,0.25,0.07,0.09717788,0.1253605,1.58381,232.05
72000,0.69,0.28,0.03,0.1038833,0.1301296,0.9472033,173.31
72100,0.65,0.35,0,0.1027818,0.1226677,0.4227997,133.23
72200,0.57,0.4,0.03,0.117505,0.1280169,0.9016054,162.4
72300,0.67,0.3,0.03,0.1046855,0.1234049,0.9432055,180.11
72400,0.63,0.34,0.03,0.1138621,0.1275534,1.024604,182.46
72500,0.58,0.41,0.01,0.101397,0.1168846,0.4695996,148.94
72600,0.69,0.31,0,0.1235183,0.1550735,0.7189996,153.71
72700,0.66,0.29,0.05,0.09903543,0.1283007,1.153209,188.18
72800,0.74,0.22,0.04,0.09823567,0.1414581,0.8460025,182.03
72900,0.64,0.34,0.02,0.1002877,0.1275456,0.7390018,185.69
73000,0.58,0.42,0,0.10954,0.1247867,0.4885996,146.22
73100,0.67,0.33,0,0.10401,0.1251096,0.4735997,147.09
73200,0.67,0.32,0.01,0.1019792,0.1289466,0.6262023,149.82
73300,0.66,0.32,0.02,0.1109069,0.1524344,0.7284017,160.94
73400,0.7,0.29,0.01,0.09936292,0.1217884,0.8280014,158.98
73500,0.63,0.32,0.05,0.1147776,0.1453191,1.101007,178.35
73600,0.69,0.3,0.01,0.1084424,0.1366536,0.7175995,165.38
73700,0.6,0.38,0.02,0.124915,0.1354972,0.6616022,167.93
73800,0.6,0.37,0.03,0.1066093,0.14295,0.7028013,171.43
73900,0.67,0.32,0.01,0.1032386,0.1256043,0.6492015,161.69
74000,0.62,0.31,0.07,0.1112953,0.1440955,1.44061,233.03
74100,0.63,0.36,0.01,0.09991784,0.1216841,0.707202,178.57
74200,0.65,0.34,0.01,0.1094204,0.1371105,0.6638019,155.27
74300,0.61,0.38,0.01,0.1044894,0.1202855,0.8602017,187.86
74400,0.76,0.23,0.01,0.09075583,0.1251765,0.813002,165.63
74500,0.64,0.35,0.01,0.1007487,0.1272083,0.8680013,167.98
74600,0.62,0.35,0.03,0.1000818,0.1370288,0.7804037,175.04
74700,0.65,0.35,0,0.1083437,0.1350244,0.5263996,151.02
74800,0.62,0.35,0.03,0.1028604,0.1340794,0.9832056,169.99
74900,0.62,0.35,0.03,0.09948828,0.1203008,0.8334032,184.62
75000,0.56,0.42,0.02,0.09913918,0.1290285,0.7484021,187.72
75100,0.61,0.37,0.02,0.1184486,0.1233632,0.7612021,184.96
75200,0.74,0.26,0,0.09776694,0.1199288,0.6081995,126.92
75300,0.64,0.34,0.02,0.1076068,0.1233698,0.7644027,169.38
75400,0.63,0.33,0.04,0.1126795,0.1552142,0.9680051,179.45
75500,0.6,0.37,0.03,0.1043247,0.1203253,0.8620037,168.25
75600,0.62,0.38,0,0.08959579,0.1262246,0.4747997,155.79
75700,0.67,0.31,0.02,0.1077492,0.1465728,0.6678016,152.48
75800,0.68,0.29,0.03,0.09212434,0.1200834,0.7588036,168.15
75900,0.56,0.42,0.02,0.1079124,0.1308865,0.8182039,185.74
76000,0.69,0.31,0,0.1002607,0.1303223,0.7319996,166.07
76100,0.63,0.36,0.01,0.1005559,0.1224858,0.5489997,135.52
76200,0.62,0.36,0.02,0.1135755,0.1279087,0.5916012,150.79
76300,0.59,0.41,0,0.1103329,0.117477,0.5295995,142.25
76400,0.67,0.3,0.03,0.1003622,0.1234471,0.8036025,172.71
76500,0.7,0.27,0.03,0.1036264,0.13114,0.925404,186.13
76600,0.8,0.18,0.02,0.09363951,0.1271189,0.9252042,163.66
76700,0.6,0.39,0.01,0.0978452,0.1192012,0.5461996,174.61
76800,0.68,0.31,0.01,0.09511165,0.122344,0.5863995,144.48
76900,0.64,0.35,0.01,0.09897536,0.1334247,0.6221995,190.57
77000,0.67,0.3,0.03,0.1029492,0.1220911,0.7666032,155.34
77100,0.65,0.34,0.01,0.1077557,0.1366619,0.5942011,160.76
77200,0.63,0.31,0.06,0.1019114,0.1257469,1.342209,207.91
77300,0.58,0.41,0.01,0.1091686,0.1430467,0.4632002,131.58
77400,0.68,0.28,0.04,0.1010262,0.1256637,1.132407,181.09
77500,0.72,0.27,0.01,0.1149328,0.1568987,0.6135995,158.98
77600,0.71,0.28,0.01,0.1041644,0.1400257,0.9992029,193.09
77700,0.65,0.34,0.01,0.119492,0.1769523,0.6741993,168.08
77800,0.55,0.42,0.03,0.0975386,0.1320872,0.6836036,160.71
77900,0.67,0.3,0.03,0.1019379,0.1190155,0.7866018,193.89
78000,0.6,0.39,0.01,0.1074802,0.138519,0.6890008,141.28
78100,0.61,0.38,0.01,0.104324,0.1305641,0.4415996,155.08
78200,0.65,0.34,0.01,0.09874105,0.1190635,0.7430011,148.09
78300,0.67,0.3,0.03,0.1036399,0.1353499,0.6760013,172.68
78400,0.67,0.31,0.02,0.1172524,0.1320369,0.6925997,159.6
78500,0.76,0.24,0,0.09422153,0.1246765,0.6745995,173.53
78600,0.7,0.27,0.03,0.09713285,0.1317519,1.159605,177.23
78700,0.66,0.33,0.01,0.09862235,0.1173273,0.7198021,160.82
78800,0.59,0.37,0.04,0.1057131,0.113888,0.7202035,181.72
78900,0.67,0.31,0.02,0.1043564,0.125712,0.8110039,146.1
79000,0.73,0.26,0.01,0.1178964,0.1356402,0.8581993,190.38
79100,0.64,0.34,0.02,0.1072624,0.1315662,0.6896011,176.34
79200,0.67,0.31,0.02,0.1051009,0.1311191,0.6644014,166.37
79300,0.6,0.38,0.02,0.1022532,0.1313968,0.7870032,175.6
79400,0.69,0.29,0.02,0.1007552,0.1182301,0.8694044,170.31
79500,0.69,0.27,0.04,0.09385736,0.1403984,0.9912049,198.31
79600,0.57,0.41,0.02,0.0991293,0.1315556,0.6406019,155.54
79700,0.63,0.36,0.01,0.1066763,0.1405736,0.7736021,155.73
79800,0.68,0.27,0.05,0.09805122,0.1522109,1.080604,197.52
79900,0.72,0.27,0.01,0.09793166,0.1321021,0.8820014,161.63
80000,0.64,0.34,0.02,0.1054508,0.1408859,0.6514027,166.14
80100,0.63,0.35,0.02,0.1093249,0.132063,0.691201,147.35
80200,0.68,0.31,0.01,0.1061099,0.1327007,0.567601,147.5
80300,0.66,0.32,0.02,0.09304193,0.1330873,0.639002,179.26
80400,0.64,0.34,0.02,0.1087937,0.1427429,0.7686027,150.95
80500,0.64,0.33,0.03,0.1022536,0.1354041,0.9314033,175.1
80600,0.53,0.45,0.02,0.1052602,0.1204751,0.4756016,167.92
80700,0.62,0.33,0.05,0.1144558,0.139185,0.9252034,184.91
80800,0.71,0.26,0.03,0.09193469,0.1339827,0.918803,169.65
80900,0.66,0.32,0.02,0.1106153,0.1341292,0.4795996,148.37
81000,0.67,0.33,0,0.1077515,0.1243334,0.6873997,159.69
81100,0.72,0.26,0.02,0.09096814,0.1340364,0.9028006,177.11
81200,0.64,0.34,0.02,0.09634002,0.1254115,0.933403,178.44
81300,0.64,0.35,0.01,0.09743572,0.1254734,0.6362019,142.83
81400,0.61,0.37,0.02,0.106202,0.1304707,0.638801,170.88
81500,0.65,0.33,0.02,0.1009062,0.1461285,0.6728011,144.17
81600,0.69,0.31,0,0.1038085,0.1360194,0.4381996,151.84
81700,0.71,0.29,0,0.09662466,0.1205129,0.6201995,149.22
81800,0.6,0.37,0.03,0.1183924,0.1304113,0.9618067,176.49
81900,0.69,0.28,0.03,0.1113891,0.1464785,0.8074038,157.12
82000,0.7,0.3,0,0.09396269,0.1202982,0.6063995,138.21
82100,0.6,0.37,0.03,0.1000534,0.1289699,0.7118024,182.48
82200,0.65,0.34,0.01,0.09713501,0.1200051,0.6073996,166.75
82300,0.63,0.37,0,0.1113092,0.1244654,0.3771997,148.67
82400,0.71,0.27,0.02,0.1139848,0.1508839,1.024805,168.27
82500,0.56,0.44,0,0.1215498,0.1318119,0.5419996,160.27
82600,0.67,0.28,0.05,0.1036114,0.128364,1.088805,192.76
82700,0.68,0.31,0.01,0.1019936,0.1305503,0.4933996,171.82
82800,0.65,0.33,0.02,0.1049235,0.1341907,0.4097997,168.8
82900,0.66,0.34,0,0.1170477,0.1428426,0.4801996,147.18
83000,0.75,0.23,0.02,0.0989664,0.1273485,0.7846031,172.32
83100,0.61,0.38,0.01,0.108132,0.1380813,0.4684013,158.44
83200,0.67,0.31,0.02,0.09330675,0.1260358,0.9710023,153.5
83300,0.76,0.22,0.02,0.09080683,0.1415333,0.7536013,163.59
83400,0.68,0.31,0.01,0.1017224,0.1278299,0.531,156.75
83500,0.62,0.37,0.01,0.09504302,0.1256633,0.6030018,181.56
83600,0.62,0.36,0.02,0.09675856,0.1213537,0.6380022,193.88
83700,0.62,0.37,0.01,0.09907617,0.1249209,0.7504014,157.23
83800,0.65,0.32,0.03,0.1041668,0.1243207,0.4167997,154.92
83900,0.59,0.4,0.01,0.1078706,0.1477087,0.3441997,156.3
84000,0.65,0.33,0.02,0.1062706,0.1453965,0.8166012,167.56
84100,0.62,0.36,0.02,0.1034352,0.1380668,0.8832043,143.57
84200,0.7,0.27,0.03,0.09364226,0.1215374,0.7538033,169.95
84300,0.69,0.29,0.02,0.1081852,0.1284613,0.6566005,171.3
84400,0.62,0.32,0.06,0.1102293,0.1330909,0.8078036,195.62
84500,0.65,0.32,0.03,0.09557281,0.1311965,0.8840041,176.06
84600,0.63,0.32,0.05,0.1060897,0.136006,0.9314046,173.49
84700,0.62,0.37,0.01,0.1010185,0.118103,0.6252018,150.56
84800,0.7,0.3,0,0.1017269,0.1178936,0.5155996,127.26
84900,0.72,0.27,0.01,0.107496,0.1453886,0.6753995,172.18
85000,0.63,0.33,0.04,0.1094708,0.1481163,0.847204,192.4
85100,0.63,0.34,0.03,0.110271,0.1279433,0.5362008,177.67
85200,0.63,0.32,0.05,0.126989,0.1389025,0.5942015,184.94
85300,0.61,0.37,0.02,0.1087025,0.128809,0.4839996,198.1
85400,0.65,0.32,0.03,0.09690366,0.1362332,0.3849997,181.15
85500,0.56,0.42,0.02,0.09932437,0.1196079,0.8454031,168.26
85600,0.64,0.34,0.02,0.1136141,0.1406179,0.625801,147.85
85700,0.66,0.32,0.02,0.0974798,0.1240199,0.8028008,162.03
85800,0.67,0.3,0.03,0.09076782,0.1287265,0.8780036,164.51
85900,0.6,0.36,0.04,0.09902876,0.1185293,0.6626028,178.82
86000,0.63,0.36,0.01,0.108455,0.1309705,0.5833995,164.69
86100,0.59,0.38,0.03,0.1114124,0.1223834,0.5716016,169.41
86200,0.68,0.31,0.01,0.1050403,0.1229946,0.914202,180.73
86300,0.61,0.37,0.02,0.1157171,0.1383413,0.6168013,159.87
86400,0.73,0.26,0.01,0.0972589,0.1429074,0.5907995,168.28
86500,0.63,0.36,0.01,0.09905208,0.1248014,0.6102021,158.35
86600,0.65,0.33,0.02,0.09495206,0.1244161,0.8352032,158.77
86700,0.67,0.29,0.04,0.1138478,0.1486104,1.053604,181.19
86800,0.57,0.41,0.02,0.1129889,0.1433631,0.5625998,149.48
86900,0.64,0.32,0.04,0.09538399,0.121104,1.009403,198.13
87000,0.65,0.31,0.04,0.1011124,0.1261523,1.051607,181.97
87100,0.78,0.2,0.02,0.08542591,0.1252935,1.026403,171.64
87200,0.69,0.28,0.03,0.1063749,0.1624983,0.7048024,165.49
87300,0.71,0.27,0.02,0.0999105,0.1339456,0.5856,148.26
87400,0.67,0.29,0.04,0.1091647,0.1489203,0.7560011,174.27
87500,0.73,0.24,0.03,0.09958324,0.1289266,1.059806,156.31
87600,0.61,0.36,0.03,0.1079088,0.1512966,0.9000031,189.82
87700,0.6,0.39,0.01,0.09407919,0.1271918,0.6918014,149.67
87800,0.68,0.31,0.01,0.105201,0.1326209,0.6194005,136.85
87900,0.59,0.38,0.03,0.09911009,0.1302734,0.6317995,182.8
88000,0.62,0.36,0.02,0.1149867,0.1285795,1.075603,161.74
88100,0.71,0.27,0.02,0.09306198,0.1341091,0.9996024,177.26
88200,0.66,0.29,0.05,0.097909,0.129821,0.7886018,202.1
88300,0.65,0.32,0.03,0.09557315,0.1202313,0.5993996,188.1
88400,0.69,0.27,0.04,0.09543647,0.1262558,0.653401,198.18
88500,0.72,0.27,0.01,0.099636,0.1318002,0.4751996,152.1
88600,0.63,0.35,0.02,0.0968183,0.127267,0.7190018,173.14
88700,0.62,0.37,0.01,0.1205991,0.1343409,0.3419997,132.92
88800,0.65,0.32,0.03,0.1058511,0.1187304,0.775804,175.57
88900,0.64,0.34,0.02,0.09266431,0.1266643,0.7924016,171.6
89000,0.71,0.27,0.02,0.09989423,0.1215933,0.8164007,182.27
89100,0.62,0.34,0.04,0.1073163,0.1304719,0.6852028,171.13
89200,0.61,0.39,0,0.1017344,0.1281107,0.3753997,147.36
89300,0.58,0.42,0,0.1028143,0.1224246,0.4623996,167.15
89400,0.68,0.29,0.03,0.1047822,0.1300002,0.8554019,188.38
89500,0.64,0.34,0.02,0.1060999,0.1386603,0.983804,164.43
89600,0.64,0.34,0.02,0.1054951,0.1338407,0.4431996,171.22
89700,0.63,0.32,0.05,0.09763917,0.1240862,0.906005,193.41
89800,0.63,0.35,0.02,0.1013733,0.1270419,0.7612008,141.4
89900,0.65,0.32,0.03,0.09821896,0.1365067,0.8444037,166.14
90000,0.72,0.27,0.01,0.09652905,0.1287589,0.6720006,155.77
90100,0.75,0.22,0.03,0.09294008,0.13604,0.9814034,174.09
90200,0.68,0.31,0.01,0.09545189,0.1572198,0.7264011,159.29
90300,0.63,0.34,0.03,0.09969272,0.1268005,0.8030049,173.14
90400,0.64,0.32,0.04,0.1005777,0.1316387,1.342008,168.6
90500,0.66,0.29,0.05,0.1008051,0.138443,1.145005,190.26
90600,0.69,0.29,0.02,0.1161826,0.1696415,0.6474023,144.04
90700,0.69,0.28,0.03,0.09279329,0.1189046,1.143004,177.42
90800,0.63,0.34,0.03,0.09601007,0.1237474,0.8954037,176.2
90900,0.68,0.29,0.03,0.09698138,0.120497,1.063206,169.83
91000,0.68,0.32,0,0.09922873,0.136644,0.5007996,145.02
91100,0.63,0.35,0.02,0.1041812,0.1279508,0.8156036,169.67
91200,0.7,0.28,0.02,0.1041175,0.1459752,0.648201,155.43
91300,0.64,0.36,0,0.1008845,0.1190355,0.4839996,144.01
91400,0.6,0.38,0.02,0.1129154,0.1249175,0.7280034,172.82
91500,0.66,0.31,0.03,0.1038726,0.1372316,0.9378034,172
91600,0.62,0.35,0.03,0.09972245,0.1274708,1.060804,165.1
91700,0.62,0.37,0.01,0.09682704,0.118374,0.4257996,148.23
91800,0.53,0.46,0.01,0.111668,0.1301154,0.4966017,141.91
91900,0.65,0.33,0.02,0.1054019,0.1417805,0.9664024,177.54
92000,0.75,0.25,0,0.09492823,0.1259239,0.6093996,141.78
92100,0.63,0.36,0.01,0.1038502,0.1311879,0.7958015,173.22
92200,0.69,0.31,0,0.09993076,0.1403317,0.4891997,147.27
92300,0.61,0.35,0.04,0.1028831,0.1374343,0.8914028,181.35
92400,0.65,0.33,0.02,0.09651329,0.1340113,0.9814048,156.02
92500,0.68,0.28,0.04,0.1000455,0.1268899,0.7066037,169.57
92600,0.65,0.31,0.04,0.1022613,0.1283274,0.8636033,165.97
92700,0.73,0.25,0.02,0.09956869,0.1390659,0.831404,137.56
92800,0.61,0.38,0.01,0.1056435,0.1275839,0.4633996,153.15
92900,0.63,0.3,0.07,0.1077621,0.13216,1.147607,203.44
93000,0.6,0.38,0.02,0.1047519,0.1285633,0.6364018,140.93
93100,0.74,0.22,0.04,0.09692104,0.1365691,1.202009,179.58
93200,0.66,0.31,0.03,0.1004405,0.1289305,0.7228012,154.83
93300,0.65,0.33,0.02,0.1119514,0.1489686,0.648001,155.26
93400,0.6,0.39,0.01,0.1178285,0.143445,0.6866021,148.73
93500,0.7,0.28,0.02,0.09568653,0.1265135,0.8876036,156.28
93600,0.57,0.39,0.04,0.1019944,0.1530532,0.6286022,194.46
93700,0.64,0.32,0.04,0.1101859,0.1363756,0.9632071,156.21
93800,0.67,0.31,0.02,0.0980362,0.1201603,0.9738031,152.23
93900,0.61,0.35,0.04,0.1193582,0.174934,1.098207,172.15
94000,0.65,0.32,0.03,0.09978515,0.1193608,1.126205,171.14
94100,0.67,0.3,0.03,0.1024619,0.1257561,0.9084041,165.86
94200,0.7,0.27,0.03,0.09589246,0.1266349,0.9880041,209.43
94300,0.64,0.33,0.03,0.0957113,0.125409,1.016405,175.67
94400,0.65,0.31,0.04,0.1029634,0.1247244,0.813203,202.27
94500,0.64,0.35,0.01,0.1003512,0.1320329,0.8758014,159.03
94600,0.62,0.38,0,0.09865549,0.1158927,0.4325996,149.43
94700,0.74,0.25,0.01,0.09022918,0.1184656,0.6496017,136.4
94800,0.72,0.27,0.01,0.09955852,0.1288206,0.5171996,133.31
94900,0.69,0.26,0.05,0.09928771,0.1276806,1.191607,176.74
95000,0.61,0.37,0.02,0.1012858,0.1295283,0.8248016,178.04
95100,0.63,0.35,0.02,0.1150312,0.1318441,0.8782038,146.83
95200,0.69,0.29,0.02,0.09849661,0.1276315,0.6610035,142.27
95300,0.53,0.43,0.04,0.1133377,0.1358717,0.7640022,165.23
95400,0.62,0.34,0.04,0.09788619,0.1158437,1.236207,188.29
95500,0.61,0.36,0.03,0.1027197,0.1220701,0.7954018,171.98
95600,0.6,0.38,0.02,0.1071417,0.1293209,0.6564013,173.73
95700,0.62,0.33,0.05,0.1037273,0.1277957,1.018005,182.74
95800,0.65,0.32,0.03,0.1106085,0.1511655,0.7532043,153.63
95900,0.65,0.32,0.03,0.0997418,0.1296584,0.9390046,171.36
96000,0.67,0.31,0.02,0.09804032,0.1381247,0.8366027,149.05
96100,0.65,0.27,0.08,0.1018858,0.1442877,1.229609,211.21
96200,0.68,0.29,0.03,0.103369,0.1238143,0.6830011,170.98
96300,0.67,0.31,0.02,0.1102574,0.1354064,0.711002,170.9
96400,0.63,0.35,0.02,0.1029389,0.125958,0.8720039,147.43
96500,0.71,0.27,0.02,0.110036,0.1454148,0.8822035,160.06
96600,0.69,0.31,0,0.09525263,0.1214843,0.4157996,149.46
96700,0.71,0.29,0,0.09409899,0.1280174,0.6697994,132.95
96800,0.73,0.25,0.02,0.09777658,0.135598,0.629602,160.35
96900,0.68,0.29,0.03,0.1055171,0.1312954,0.9942046,165.49
97000,0.67,0.3,0.03,0.10111,0.1202372,0.8930047,148.99
97100,0.67,0.3,0.03,0.09979316,0.1223577,0.8062028,161.22
97200,0.66,0.34,0,0.09952284,0.1270626,0.5451996,145.87
97300,0.69,0.28,0.03,0.1014892,0.1297679,0.8776025,174.12
97400,0.6,0.38,0.02,0.1040988,0.1388624,0.6032012,158.09
97500,0.66,0.31,0.03,0.1018326,0.138801,1.060404,177.54
97600,0.65,0.32,0.03,0.09894215,0.1235821,0.7412021,166.57
97700,0.61,0.35,0.04,0.1048506,0.1253623,0.9016053,182
97800,0.67,0.31,0.02,0.1095423,0.1397279,0.9216033,181.32
97900,0.65,0.34,0.01,0.09089953,0.1216475,0.7162018,161.08
98000,0.58,0.38,0.04,0.104089,0.1374392,0.5426016,157.94
98100,0.65,0.33,0.02,0.1083307,0.137778,0.8566043,159.46
98200,0.64,0.32,0.04,0.1049698,0.1284465,1.011606,181.84
98300,0.72,0.23,0.05,0.08907147,0.1370793,1.44821,174.66
98400,0.62,0.37,0.01,0.1016657,0.1322318,0.5778009,144.94
98500,0.63,0.35,0.02,0.09578782,0.1185997,0.6494018,180.12
98600,0.64,0.35,0.01,0.1136181,0.1364283,0.3604014,134.95
98700,0.62,0.33,0.05,0.0964957,0.1187872,0.995408,197.72
98800,0.61,0.36,0.03,0.1096814,0.1362806,0.8868039,180.27
98900,0.66,0.32,0.02,0.101177,0.1251674,0.8920013,162.83
99000,0.6,0.36,0.04,0.1065121,0.1178001,0.7766047,179.6
99100,0.67,0.31,0.02,0.1105271,0.1320719,0.9980039,161.83
99200,0.58,0.36,0.06,0.1075448,0.1182917,1.122007,189.85
99300,0.59,0.38,0.03,0.1104388,0.1325886,0.7882035,165.18
99400,0.61,0.35,0.04,0.1021125,0.1291394,0.8960019,185.11
99500,0.64,0.34,0.02,0.09619448,0.142557,0.7262018,152.14
99600,0.63,0.33,0.04,0.102377,0.1332754,1.150208,167.55
99700,0.72,0.26,0.02,0.09881272,0.1335772,1.046603,160.36
99800,0.66,0.31,0.03,0.1034488,0.1417264,1.053205,181.31
99900,0.67,0.3,0.03,0.09898001,0.1299292,0.667601,172.41
100000,0.68,0.29,0.03,0.09749253,0.1200398,0.8282035,166.42
100100,0.6,0.39,0.01,0.1116269,0.1338473,0.4401997,170.49
100200,0.62,0.35,0.03,0.09965901,0.1293234,1.164404,195.66
100300,0.74,0.23,0.03,0.09557595,0.1361155,0.4847997,176.93
100400,0.66,0.3,0.04,0.08916077,0.1239663,0.8346049,185.51
100500,0.67,0.29,0.04,0.09357797,0.1213775,0.745001,166.3
100600,0.68,0.3,0.02,0.1099293,0.1529287,0.5646014,169.93
100700,0.73,0.26,0.01,0.1043328,0.130433,0.8646014,154.22
100800,0.62,0.33,0.05,0.1034418,0.1177427,0.7728044,185.14
100900,0.7,0.3,0,0.1014776,0.131345,0.5449995,151.3
101000,0.67,0.29,0.04,0.09730066,0.1261009,0.7498028,175.04
101100,0.67,0.31,0.02,0.09669185,0.1236522,0.9558045,163.31
101200,0.54,0.42,0.04,0.1061339,0.1150196,0.8738042,167.85
101300,0.56,0.42,0.02,0.1023656,0.1278525,0.8980038,153.16
101400,0.71,0.26,0.03,0.09734742,0.1319126,0.7906034,184.19
101500,0.67,0.29,0.04,0.10731,0.1658943,1.014805,175.68
101600,0.68,0.32,0,0.1028191,0.1540374,0.5067996,132.6
101700,0.66,0.3,0.04,0.1078138,0.1296114,0.9118057,190.08
101800,0.63,0.35,0.02,0.09955079,0.1182615,0.8866031,161.01
101900,0.61,0.38,0.01,0.1066736,0.1168947,0.6037995,135.84
102000,0.64,0.34,0.02,0.09375733,0.1202179,0.681801,166
102100,0.7,0.29,0.01,0.09452289,0.1237004,0.5821999,159.17
102200,0.65,0.33,0.02,0.09159688,0.1207084,0.7462016,160.51
102300,0.69,0.26,0.05,0.09988738,0.1281326,0.8694035,179.99
102400,0.6,0.39,0.01,0.1039151,0.1186351,0.6618015,157.33
102500,0.72,0.26,0.02,0.1034262,0.1399219,0.7120042,165.24
102600,0.64,0.35,0.01,0.1002267,0.1189416,0.6808009,161.38
102700,0.65,0.32,0.03,0.1026648,0.1243005,0.7920019,173.8
102800,0.75,0.25,0,0.09756816,0.1300669,0.6907995,153
102900,0.62,0.36,0.02,0.1012715,0.1196183,0.3849997,179.03
103000,0.61,0.36,0.03,0.1046546,0.1256399,0.9474062,158.35
103100,0.71,0.26,0.03,0.1105668,0.1446522,1.040405,158.75
103200,0.69,0.28,0.03,0.09694245,0.1215356,0.6358009,161.35
103300,0.65,0.31,0.04,0.09742499,0.1189323,0.8096035,167.36
103400,0.61,0.35,0.04,0.1028819,0.1315116,1.181808,181.62
103500,0.61,0.38,0.01,0.1163657,0.1372489,0.7206013,157.36
103600,0.63,0.35,0.02,0.1017769,0.1175657,0.6054011,163.72
103700,0.73,0.26,0.01,0.1083036,0.13818,0.6502016,165.16
103800,0.67,0.32,0.01,0.1059325,0.1259024,0.8236012,161.2
103900,0.66,0.32,0.02,0.09760394,0.1271058,0.6628014,168.6
104000,0.61,0.36,0.03,0.1111063,0.1285266,1.039004,181.33
104100,0.58,0.38,0.04,0.1021023,0.1444837,0.9896049,192.87
104200,0.65,0.32,0.03,0.1070943,0.1341788,0.7910044,158.3
104300,0.72,0.25,0.03,0.09547883,0.1463608,0.7628011,176.01
104400,0.71,0.29,0,0.1114758,0.1326758,0.4085997,137
104500,0.63,0.32,0.05,0.1066198,0.1186524,0.8890057,171.68
104600,0.59,0.37,0.04,0.09529365,0.1341382,0.7714045,154.28
104700,0.67,0.32,0.01,0.09716747,0.1368483,0.5651996,148.59
104800,0.6,0.37,0.03,0.1014348,0.1154137,0.7970058,153.92
104900,0.68,0.31,0.01,0.1118043,0.1296875,0.8046011,165.54
105000,0.64,0.36,0,0.09610072,0.127313,0.5561996,158.47
105100,0.64,0.35,0.01,0.1094939,0.1193888,0.6795999,141.25
105200,0.65,0.32,0.03,0.09739225,0.1247714,1.057805,189.18
105300,0.68,0.28,0.04,0.09821612,0.1521395,0.7846021,163.42
105400,0.67,0.32,0.01,0.09903626,0.1216751,0.6146019,157.16
105500,0.66,0.32,0.02,0.1035945,0.1251347,0.723404,147.79
105600,0.64,0.33,0.03,0.1002422,0.1286157,0.9286049,172.67
105700,0.68,0.27,0.05,0.09850084,0.1187647,1.467007,198.76
105800,0.65,0.34,0.01,0.0987111,0.1143185,0.5291995,147.56
105900,0.62,0.36,0.02,0.1159033,0.1250076,0.7486041,163.53
106000,0.71,0.28,0.01,0.1040299,0.1285533,0.7180009,167.05
106100,0.59,0.38,0.03,0.1003086,0.1150423,1.034006,182.02
106200,0.66,0.34,0,0.1011229,0.1261222,0.4433997,132.06
106300,0.62,0.32,0.06,0.09235095,0.1188192,1.390209,196.19
106400,0.64,0.34,0.02,0.1078933,0.129637,0.662002,143.81
106500,0.64,0.33,0.03,0.09754184,0.1190671,0.8758047,208.02
106600,0.61,0.33,0.06,0.1091205,0.134909,0.9548065,196.11
106700,0.71,0.29,0,0.09765844,0.1227089,0.2865998,135.74
106800,0.68,0.31,0.01,0.0955164,0.1205949,0.8446017,175.08
106900,0.61,0.35,0.04,0.1032044,0.1341559,0.6235994,183.41
107000,0.7,0.28,0.02,0.1015038,0.1236181,0.8830044,155.09
107100,0.64,0.33,0.03,0.1173576,0.1314148,0.9992054,156.67
107200,0.61,0.38,0.01,0.1000943,0.1147851,0.678802,169.99
107300,0.69,0.28,0.03,0.1068624,0.1448068,0.9146042,160.72
107400,0.61,0.36,0.03,0.1090229,0.1373793,0.7930055,144.85
107500,0.55,0.43,0.02,0.09663581,0.116799,0.5696009,156.69
107600,0.62,0.34,0.04,0.1025529,0.1206798,0.9132035,180.11
107700,0.62,0.37,0.01,0.1040192,0.1230762,0.7114009,161.58
107800,0.72,0.24,0.04,0.09926452,0.1416242,0.8826029,177.3
107900,0.67,0.32,0.01,0.1118841,0.130103,0.5705996,146.62
108000,0.65,0.32,0.03,0.09426159,0.1263279,0.8630041,195.15
108100,0.7,0.27,0.03,0.09615967,0.1290338,1.026203,171.83
108200,0.69,0.28,0.03,0.1048768,0.1438747,0.7152016,160.2
108300,0.68,0.29,0.03,0.09572823,0.1270511,1.162805,160.16
108400,0.64,0.34,0.02,0.1054465,0.1564344,0.8932046,138.99
108500,0.68,0.31,0.01,0.1002869,0.1344722,0.4967996,158.36
108600,0.62,0.36,0.02,0.1002023,0.1308346,0.4698019,163.61
108700,0.64,0.33,0.03,0.1007298,0.1278066,0.6386019,170.34
108800,0.72,0.26,0.02,0.09186864,0.1195967,0.5235996,164.9
108900,0.64,0.34,0.02,0.1085477,0.1263147,0.7662016,159.06
109000,0.69,0.3,0.01,0.1011312,0.1244825,0.596201,141.97
109100,0.6,0.38,0.02,0.1050164,0.123741,0.8814035,182.14
109200,0.67,0.31,0.02,0.09711146,0.1236159,0.3427997,137.19
109300,0.66,0.32,0.02,0.1104313,0.1299765,0.6648018,152.68
109400,0.65,0.29,0.06,0.09883019,0.1369566,0.6688019,198.25
109500,0.68,0.29,0.03,0.101738,0.1269631,1.028805,177.04
109600,0.66,0.3,0.04,0.1055441,0.1186393,0.7984058,184.83
109700,0.63,0.37,0,0.1288398,0.1563388,0.4636013,123.46
109800,0.63,0.32,0.05,0.09729964,0.1339915,1.301007,159.07
109900,0.66,0.29,0.05,0.1041956,0.1241723,1.211007,216.45
110000,0.66,0.33,0.01,0.1013143,0.1230385,0.6752018,163.32
110100,0.73,0.25,0.02,0.09123885,0.1267214,0.8382013,156.25
110200,0.69,0.27,0.04,0.09966946,0.134134,0.9318044,169.3
110300,0.67,0.31,0.02,0.1139294,0.1592815,0.7310026,167.06
110400,0.64,0.33,0.03,0.1053525,0.1359296,0.6132016,168.55
110500,0.59,0.39,0.02,0.1002668,0.1224325,0.6156023,162.13
110600,0.69,0.29,0.02,0.09681412,0.1221445,0.7472011,165.54
110700,0.67,0.32,0.01,0.09661705,0.1297128,0.4642017,147.44
110800,0.66,0.32,0.02,0.1014914,0.1334458,0.8352033,147.22
110900,0.62,0.37,0.01,0.0982505,0.1190394,0.993201,166.47
111000,0.69,0.29,0.02,0.09578471,0.1271655,0.8846038,183.34
111100,0.74,0.25,0.01,0.0933692,0.1256184,0.5934008,153.56
111200,0.72,0.24,0.04,0.09597427,0.1367831,0.8610039,188.79
111300,0.77,0.22,0.01,0.08912036,0.1267717,0.6584004,160.95
111400,0.59,0.39,0.02,0.1028354,0.1414197,0.498401,145.1
111500,0.69,0.27,0.04,0.09551715,0.1310609,0.9258041,196.56
111600,0.64,0.34,0.02,0.1000542,0.1228923,0.8296032,155.01
111700,0.59,0.4,0.01,0.1124721,0.1484465,0.6868016,166.11
111800,0.63,0.36,0.01,0.1174557,0.1374317,0.7640014,150.91
111900,0.67,0.3,0.03,0.09532721,0.1212585,0.7022014,192.6
112000,0.66,0.33,0.01,0.1088206,0.1426673,0.5806008,147.14
112100,0.67,0.32,0.01,0.09479965,0.1311121,0.7248015,143.02
112200,0.64,0.35,0.01,0.1189763,0.1444864,0.5360017,157.1
112300,0.7,0.3,0,0.100922,0.127126,0.5559996,164.95
112400,0.67,0.29,0.04,0.09713063,0.1477746,0.8548028,204.9
112500,0.7,0.26,0.04,0.09496482,0.1314731,1.048404,213.69
112600,0.7,0.3,0,0.0975273,0.1235769,0.6599995,157.05
112700,0.63,0.35,0.02,0.1006694,0.1274108,0.5958022,154.06
112800,0.58,0.41,0.01,0.1076662,0.1267111,0.4687996,148.15
112900,0.58,0.38,0.04,0.1037797,0.1226746,0.8346032,178.22
113000,0.62,0.38,0,0.09639103,0.1192617,0.4945996,142.73
113100,0.73,0.25,0.02,0.09960923,0.1305854,0.6373995,143.55
113200,0.65,0.34,0.01,0.09920643,0.1263329,0.6982021,169.46
113300,0.63,0.34,0.03,0.1089617,0.1432448,0.8716058,155.66
113400,0.71,0.25,0.04,0.1024392,0.1280155,0.8572023,168.06
113500,0.63,0.34,0.03,0.1093318,0.1413176,0.7582031,155.41
113600,0.61,0.35,0.04,0.09452176,0.1173156,1.140405,177.09
113700,0.63,0.32,0.05,0.100094,0.1250365,1.137407,179.5
113800,0.71,0.27,0.02,0.1037818,0.1296402,0.7300007,175.64
113900,0.59,0.38,0.03,0.1039492,0.1179349,0.600203,143.52
114000,0.7,0.27,0.03,0.1062646,0.1405592,0.4333996,153.3
114100,0.68,0.26,0.06,0.1044206,0.1405798,1.022607,188.57
114200,0.54,0.42,0.04,0.107363,0.1118093,0.4784005,164.98
114300,0.66,0.3,0.04,0.1056221,0.1283356,0.934202,202.08
114400,0.7,0.29,0.01,0.1093569,0.1170959,0.6800007,146.81
114500,0.61,0.35,0.04,0.09835241,0.1379421,0.6398034,187.91
114600,0.61,0.37,0.02,0.09829736,0.1275163,0.7888039,181.59
114700,0.68,0.29,0.03,0.09563263,0.1220066,0.5431995,158.39
114800,0.71,0.26,0.03,0.0999136,0.1453634,0.7742034,167.25
114900,0.63,0.34,0.03,0.09550407,0.1209451,0.9390047,169.21
115000,0.67,0.29,0.04,0.09806843,0.1365914,0.7190034,181.26
115100,0.61,0.38,0.01,0.10918,0.1371195,0.4743996,134.99
115200,0.68,0.3,0.02,0.09674036,0.1267232,0.7854046,171.96
115300,0.67,0.33,0,0.09794633,0.1441796,0.4735996,153.59
115400,0.72,0.27,0.01,0.09752981,0.1235065,0.6872004,162.63
115500,0.62,0.34,0.04,0.1042159,0.1238462,0.7376038,155.3
115600,0.52,0.46,0.02,0.1005097,0.1248136,0.6302023,165.53
115700,0.61,0.36,0.03,0.09953354,0.1196781,0.5138025,172.09
115800,0.68,0.31,0.01,0.09791344,0.125165,0.6354011,134.55
115900,0.72,0.27,0.01,0.1108037,0.1503571,0.7099996,137.01
116000,0.68,0.32,0,0.1066058,0.1286133,0.5975996,130.49
116100,0.67,0.31,0.02,0.1046537,0.1377115,0.9446046,156.5
116200,0.68,0.28,0.04,0.09346297,0.1275991,0.961805,184.14
116300,0.61,0.38,0.01,0.1003142,0.1091329,0.5096022,129.93
116400,0.67,0.31,0.02,0.1042824,0.1265025,0.7418049,157.36
116500,0.71,0.28,0.01,0.1078653,0.131715,0.762602,168.38
116600,0.58,0.37,0.05,0.1056446,0.1266018,1.176608,188.68
116700,0.68,0.31,0.01,0.09520214,0.1312866,0.4635996,157.39
116800,0.61,0.37,0.02,0.1020944,0.1456881,0.8216024,172.87
116900,0.63,0.37,0,0.1027041,0.124652,0.5497996,138.07
117000,0.71,0.29,0,0.09591953,0.1322418,0.5587994,152.76
117100,0.61,0.34,0.05,0.0989757,0.1201131,0.8914053,189.31
117200,0.67,0.3,0.03,0.09211738,0.1303493,0.8600025,177.28
117300,0.69,0.29,0.02,0.0995016,0.1339818,0.9398038,186.58
117400,0.63,0.36,0.01,0.1020696,0.1381817,0.6330004,153.34
117500,0.71,0.26,0.03,0.09443708,0.1201952,0.763404,153.43
117600,0.59,0.39,0.02,0.1030015,0.1244819,0.6868036,163.46
117700,0.63,0.34,0.03,0.1015754,0.1175939,0.7902032,160.18
117800,0.59,0.41,0,0.1047191,0.1193308,0.4777996,171.74
117900,0.69,0.29,0.02,0.09896276,0.1262147,0.8042029,164.09
118000,0.71,0.28,0.01,0.101749,0.1406278,0.6642012,160.92
118100,0.6,0.38,0.02,0.1051101,0.1221995,0.6986015,156.68
118200,0.61,0.35,0.04,0.1103309,0.1336377,0.777603,173.72
118300,0.66,0.32,0.02,0.09576747,0.1180737,0.4551995,173.64
118400,0.6,0.36,0.04,0.09884804,0.122266,0.9196045,167.18
118500,0.64,0.35,0.01,0.1015499,0.1398184,0.6502017,141.22
118600,0.59,0.37,0.04,0.0982834,0.1230502,1.038406,170.32
118700,0.61,0.39,0,0.1020756,0.1352665,0.5615996,158.67
118800,0.69,0.29,0.02,0.09526597,0.1438037,0.7466009,172.4
118900,0.63,0.34,0.03,0.09602397,0.1243779,0.9404027,174.05
119000,0.69,0.3,0.01,0.09504287,0.1244356,0.7508019,172.39
119100,0.62,0.35,0.03,0.09954309,0.1180167,0.6234016,167.66
119200,0.64,0.33,0.03,0.1005992,0.1320373,0.7566019,154.87
119300,0.55,0.42,0.03,0.0978174,0.1184215,0.7198036,150.42
119400,0.75,0.22,0.03,0.09737833,0.1403615,0.855001,173.57
119500,0.63,0.35,0.02,0.08993012,0.1169535,0.585002,174.14
119600,0.65,0.32,0.03,0.1002151,0.1484727,0.8542016,197.67
119700,0.68,0.28,0.04,0.09983622,0.125527,0.8418045,193.16
119800,0.69,0.29,0.02,0.1080622,0.1394314,0.6094016,144.44
119900,0.71,0.29,0,0.1054857,0.1237386,0.5967995,163.51
120000,0.57,0.42,0.01,0.1189751,0.1413424,0.5758021,150.06
120100,0.68,0.29,0.03,0.09610017,0.1241314,1.033006,157.68
120200,0.69,0.3,0.01,0.1030566,0.1325658,0.8022011,150.73
120300,0.57,0.4,0.03,0.1094619,0.1332223,0.5216016,191.53
120400,0.67,0.31,0.02,0.1029232,0.1309559,1.089204,168.44
120500,0.68,0.31,0.01,0.08973813,0.1391509,0.678601,139.82
120600,0.69,0.28,0.03,0.09443014,0.1179796,0.8596027,171.65
120700,0.65,0.34,0.01,0.101832,0.1264659,0.4365996,139.86
120800,0.52,0.45,0.03,0.1032975,0.1195396,0.821203,191.43
120900,0.66,0.34,0,0.1026422,0.1238093,0.4619995,125.05
121000,0.68,0.31,0.01,0.09699187,0.1308191,0.7086018,183.13
121100,0.68,0.29,0.03,0.09665918,0.1437667,0.9228029,187.91
121200,0.66,0.31,0.03,0.1050577,0.1479288,0.7822039,159.43
121300,0.64,0.34,0.02,0.09803984,0.1300977,0.8210045,140.89
121400,0.71,0.25,0.04,0.09489517,0.1298817,1.096206,183.13
121500,0.63,0.33,0.04,0.1013833,0.1220616,0.7308044,177.1
121600,0.65,0.32,0.03,0.101245,0.1409188,1.011405,153.72
121700,0.67,0.31,0.02,0.09632334,0.1318514,0.7566006,182.04
121800,0.71,0.26,0.03,0.1004419,0.1241862,0.9602029,190.16
121900,0.67,0.33,0,0.102382,0.1227125,0.5373995,154.61
122000,0.67,0.32,0.01,0.09454478,0.1212566,0.687002,160.34
122100,0.6,0.39,0.01,0.1129163,0.1411591,0.8086019,148.44
122200,0.67,0.3,0.03,0.1023976,0.154391,0.8990059,159.47
122300,0.64,0.34,0.02,0.1057149,0.1305797,0.8360039,170.25
122400,0.69,0.29,0.02,0.09828383,0.1225506,0.6728007,150.55
122500,0.68,0.3,0.02,0.09412929,0.1295293,1.100603,175.25
122600,0.65,0.33,0.02,0.09874205,0.1186971,0.5812015,158.44
122700,0.71,0.28,0.01,0.1015825,0.1262863,0.6986012,142.04
122800,0.58,0.41,0.01,0.1128571,0.1309223,0.6565996,173.54
122900,0.69,0.29,0.02,0.09470654,0.1506808,0.6854036,182.28
123000,0.69,0.28,0.03,0.09918592,0.123224,0.993803,173.71
123100,0.65,0.32,0.03,0.1009896,0.1371262,0.7166038,171.72
123200,0.58,0.4,0.02,0.1165073,0.1461471,0.6998032,161.24
123300,0.66,0.3,0.04,0.1125278,0.1341046,0.7686026,187.76
123400,0.66,0.34,0,0.09492872,0.1351773,0.4177998,133.55
123500,0.71,0.27,0.02,0.09647864,0.1278152,0.7630016,152.92
123600,0.58,0.38,0.04,0.106282,0.120923,0.8170027,189.17
123700,0.67,0.3,0.03,0.104486,0.1401163,0.6976026,157.33
123800,0.7,0.29,0.01,0.09533627,0.1179485,0.6882014,161.9
123900,0.68,0.31,0.01,0.09826428,0.1171955,0.5262019,157.8
124000,0.59,0.39,0.02,0.1038625,0.1251488,0.6120016,169.56
124100,0.63,0.33,0.04,0.1029166,0.1367796,0.8650047,156.75
124200,0.67,0.29,0.04,0.1006818,0.1325701,1.107007,179.76
124300,0.68,0.31,0.01,0.09805086,0.124358,0.7016016,139.42
124400,0.74,0.26,0,0.09318631,0.1247846,0.5205996,157.76
124500,0.65,0.32,0.03,0.09680706,0.1297173,0.5418013,178.86
124600,0.67,0.3,0.03,0.1043931,0.1281681,0.8742038,164.91
124700,0.58,0.4,0.02,0.1074781,0.1290564,0.7166018,173.22
124800,0.62,0.32,0.06,0.1064358,0.1187606,1.32561,188.6
124900,0.72,0.28,0,0.09846029,0.1197494,0.5851995,174.33
125000,0.63,0.34,0.03,0.09712637,0.1250214,0.7974038,153.3
125100,0.7,0.29,0.01,0.1097799,0.1386746,0.4655996,151.55
125200,0.58,0.41,0.01,0.1172297,0.1478885,0.6536003,146.94
125300,0.73,0.24,0.03,0.09841303,0.1231389,1.041806,187.31
125400,0.58,0.39,0.03,0.1047735,0.131381,0.9584056,167.26
125500,0.65,0.32,0.03,0.09822531,0.1247065,1.080803,182.59
125600,0.66,0.3,0.04,0.1070475,0.138526,1.126206,185.19
125700,0.6,0.35,0.05,0.1003383,0.1218181,1.029206,195.74
125800,0.73,0.26,0.01,0.09230562,0.1190387,0.823401,149.6
125900,0.63,0.34,0.03,0.1102756,0.1420603,0.5670031,147.31
126000,0.65,0.33,0.02,0.1054599,0.1354455,0.8828032,173.23
126100,0.73,0.27,0,0.09098616,0.1273583,0.4259997,153.19
126200,0.62,0.38,0,0.09985071,0.1220837,0.3721997,136.01
126300,0.64,0.32,0.04,0.09704621,0.1237358,1.176606,193.29
126400,0.56,0.42,0.02,0.1099773,0.1345389,0.7088021,184.69
126500,0.72,0.27,0.01,0.09454353,0.1232487,0.6239995,168.27
126600,0.63,0.33,0.04,0.1094047,0.1338936,0.9672064,155.03
126700,0.65,0.32,0.03,0.1001489,0.1257389,1.051203,184.8
126800,0.64,0.33,0.03,0.1000045,0.1497451,1.011204,181.16
126900,0.61,0.38,0.01,0.1099998,0.122926,0.5736015,139.79
127000,0.7,0.29,0.01,0.09702577,0.1357129,0.676402,183.99
127100,0.71,0.23,0.06,0.0928221,0.1219096,1.370007,194.5
127200,0.59,0.39,0.02,0.09925092,0.119253,0.5800004,171.24
127300,0.67,0.32,0.01,0.09619267,0.1199896,0.5832017,144.71
127400,0.71,0.27,0.02,0.1039751,0.1440775,0.6231995,186.45
127500,0.63,0.36,0.01,0.1093463,0.140472,0.6762018,146.11
127600,0.64,0.35,0.01,0.1012478,0.1483865,0.8082016,166.05
127700,0.72,0.26,0.02,0.09905916,0.1430924,0.7473994,173.35
127800,0.69,0.28,0.03,0.09814189,0.1374459,0.888604,165.36
127900,0.68,0.28,0.04,0.1011469,0.1354444,0.8846031,172.46
128000,0.62,0.34,0.04,0.1116393,0.1419637,0.9330044,164
128100,0.68,0.31,0.01,0.09439038,0.122828,0.5835995,152.27
128200,0.62,0.36,0.02,0.1141742,0.1330724,0.7630032,167.6
128300,0.71,0.29,0,0.09485484,0.1287176,0.6043996,155.17
128400,0.66,0.32,0.02,0.1014954,0.1238478,0.7030019,160.35
128500,0.63,0.34,0.03,0.1005247,0.1375652,1.065806,176.3
128600,0.62,0.35,0.03,0.1080872,0.1315788,0.8110064,162.12
128700,0.61,0.37,0.02,0.1120763,0.1399344,0.5784022,159.15
128800,0.63,0.35,0.02,0.1022661,0.1267621,0.5410017,160.01
128900,0.69,0.29,0.02,0.1055841,0.1467362,0.7078015,151.45
129000,0.68,0.3,0.02,0.1026491,0.1482031,0.9480045,170.34
129100,0.66,0.34,0,0.09925251,0.1251981,0.3365998,161.4
129200,0.69,0.3,0.01,0.1055196,0.1421634,0.6720018,143.02
129300,0.66,0.34,0,0.1001065,0.132584,0.4543997,171.45
129400,0.68,0.3,0.02,0.101187,0.1188747,0.7756017,170.84
129500,0.64,0.35,0.01,0.1035595,0.1441718,0.6055995,157.61
129600,0.63,0.34,0.03,0.1134855,0.1472923,0.7618029,162.57
129700,0.64,0.34,0.02,0.1003802,0.1165512,0.7698014,151.37
129800,0.62,0.36,0.02,0.1014143,0.1176995,0.6918018,136.39
129900,0.65,0.32,0.03,0.1058534,0.1391984,0.8586069,135.65
130000,0.56,0.41,0.03,0.1001856,0.1127936,0.837405,151.5
130100,0.68,0.29,0.03,0.09957086,0.1159944,0.5450001,150.86
130200,0.73,0.23,0.04,0.1038974,0.1515412,0.8304035,173.09
130300,0.6,0.39,0.01,0.1064385,0.1339958,0.772403,145.34
130400,0.7,0.28,0.02,0.09659707,0.1338029,0.6862022,154.83
130500,0.67,0.32,0.01,0.1107287,0.1484669,0.6006011,138.55
130600,0.62,0.36,0.02,0.09347306,0.1255636,0.7666029,140.4
130700,0.6,0.39,0.01,0.1058634,0.131753,0.5158019,181.93
130800,0.68,0.28,0.04,0.1194569,0.1518852,0.8764047,181.5
130900,0.71,0.29,0,0.09607921,0.1298164,0.4915999,137.73
131000,0.6,0.37,0.03,0.1033061,0.1266458,0.9002042,200.36
131100,0.57,0.37,0.06,0.09983495,0.1240124,1.181007,196.06
131200,0.62,0.36,0.02,0.09933014,0.1234306,0.5253996,161.95
131300,0.63,0.36,0.01,0.1073533,0.1216054,0.6656013,141.16
131400,0.68,0.31,0.01,0.1032564,0.1436956,0.748401,167.59
131500,0.7,0.27,0.03,0.08775899,0.1229596,1.120805,172.01
131600,0.75,0.24,0.01,0.1091666,0.1387065,0.3425997,150.32
131700,0.63,0.35,0.02,0.09738087,0.1183501,0.717204,176.76
131800,0.71,0.28,0.01,0.1061497,0.1433585,0.7056023,150.65
131900,0.63,0.33,0.04,0.1088555,0.13415,1.028205,151.94
132000,0.64,0.33,0.03,0.09808131,0.1211703,0.8144022,189.59
132100,0.78,0.22,0,0.09765289,0.1318485,0.6491994,157.45
132200,0.63,0.33,0.04,0.0944322,0.1370109,1.166207,176.71
132300,0.67,0.32,0.01,0.1013009,0.1261072,0.8828019,142.52
132400,0.65,0.34,0.01,0.1112787,0.1393874,0.5968012,143.77
132500,0.67,0.31,0.02,0.1001635,0.1382122,1.020003,187.03
132600,0.7,0.28,0.02,0.08403277,0.1360157,0.8260036,158.7
132700,0.7,0.28,0.02,0.09610403,0.1244837,0.5904019,154.94
132800,0.71,0.28,0.01,0.09631678,0.1302162,0.838201,155.3
132900,0.63,0.33,0.04,0.1016314,0.1249357,0.7918018,166.34
133000,0.77,0.23,0,0.09953312,0.1229788,0.5809996,124.92
133100,0.67,0.32,0.01,0.1085368,0.1291421,0.6760017,177.94
133200,0.68,0.29,0.03,0.09527303,0.1325688,0.6886013,180.33
133300,0.62,0.35,0.03,0.1174982,0.12383,0.8470029,198.75
133400,0.63,0.35,0.02,0.1088849,0.1435435,0.5806018,146.93
133500,0.62,0.36,0.02,0.103889,0.1319684,0.5421996,149.02
133600,0.7,0.29,0.01,0.09561416,0.1292762,0.4447996,152.88
133700,0.59,0.41,0,0.09841555,0.1122407,0.2933998,160.65
133800,0.61,0.35,0.04,0.09515411,0.1131736,0.8874037,176.83
133900,0.62,0.35,0.03,0.103269,0.1279858,0.8286037,160.73
134000,0.64,0.33,0.03,0.1007043,0.1339057,1.051007,173.68
134100,0.66,0.3,0.04,0.1012965,0.122332,1.151207,168.25
134200,0.66,0.33,0.01,0.09374466,0.1312312,0.6014013,169.19
134300,0.68,0.31,0.01,0.1022033,0.1383473,0.5189996,161.84
134400,0.66,0.31,0.03,0.110468,0.1430468,0.8862039,178.1
134500,0.63,0.34,0.03,0.09725394,0.1216765,1.003206,177.14
134600,0.66,0.34,0,0.0945734,0.1431109,0.4949996,143.9
134700,0.8,0.19,0.01,0.1084649,0.1352873,0.6893994,153.61
134800,0.76,0.23,0.01,0.100773,0.1419378,0.7296017,151.33
134900,0.61,0.37,0.02,0.1048541,0.1485414,0.5390003,161.56
135000,0.72,0.25,0.03,0.1078529,0.1464721,0.8888048,166.21
135100,0.61,0.39,0,0.104973,0.1258224,0.5209996,131.47
135200,0.65,0.31,0.04,0.0921858,0.1275054,0.8426034,181.08
135300,0.71,0.28,0.01,0.09771013,0.1146422,0.5661995,154.06
135400,0.57,0.4,0.03,0.1138716,0.1349938,1.154407,205.37
135500,0.67,0.32,0.01,0.1084706,0.1404185,0.3985997,142.44
135600,0.65,0.31,0.04,0.102866,0.1338391,0.9240038,178.41
135700,0.71,0.27,0.02,0.0937989,0.1337062,0.7376047,158.26
135800,0.69,0.3,0.01,0.1025264,0.1297125,0.6786014,148.38
135900,0.59,0.39,0.02,0.1086945,0.1259545,0.3393998,150.19
136000,0.7,0.28,0.02,0.1102349,0.1307871,0.5703995,169.87
136100,0.6,0.39,0.01,0.1135758,0.1331631,0.3331997,148.07
136200,0.64,0.33,0.03,0.09557867,0.1195366,1.050606,177.91
136300,0.65,0.35,0,0.09721033,0.1304369,0.5965995,160.56
136400,0.66,0.33,0.01,0.1039933,0.1283103,0.6760025,140.46
136500,0.66,0.31,0.03,0.1090625,0.1411656,0.717003,175.05
